[
    {
        "id": "TOCS",
        "name": "TOCS",
        "fullName": "ACM Transactions on Computer Systems",
        "Press": "ACM",
        "DBLP": "http://dblp.uni-trier.de/db/journals/tocs/",
        "CCF": "A",
        "CSA": 4,
        "IF_2015": 1.6,
        "category": 0,
        "symbolSize": 28.6137422498,
        "CCF_Dir_Shortname": "CA"
    },
    {
        "id": "TOC",
        "name": "TOC",
        "fullName": "IEEE Transactions on Computers",
        "Press": "IEEE",
        "DBLP": "http://dblp.uni-trier.de/db/journals/tc/index.html",
        "CCF": "A",
        "CSA": 3,
        "IF_2015": 1.723,
        "category": 0,
        "symbolSize": 29.3435034912,
        "CCF_Dir_Shortname": "CA"
    },
    {
        "id": "TPDS",
        "name": "TPDS",
        "fullName": "IEEE Transactions on Parallel and Distributed Systems",
        "Press": "IEEE",
        "DBLP": "http://dblp.uni-trier.de/db/journals/tpds/",
        "CCF": "A",
        "CSA": 2,
        "IF_2015": 2.661,
        "category": 0,
        "symbolSize": 33.8611612033,
        "CCF_Dir_Shortname": "CA"
    },
    {
        "id": "TCAD",
        "name": "TCAD",
        "fullName": "IEEE Transactions On Computer-Aided Design Of Integrated Circuits And System",
        "Press": "IEEE",
        "DBLP": "http://dblp.uni-trier.de/db/journals/tcad/",
        "CCF": "A",
        "CSA": 4,
        "IF_2015": 1.181,
        "category": 0,
        "symbolSize": 25.7460768485,
        "CCF_Dir_Shortname": "CA"
    },
    {
        "id": "TOS",
        "name": "TOS",
        "fullName": "ACM Transactions on Storage",
        "Press": "ACM",
        "DBLP": "http://dblp.uni-trier.de/db/journals/tos/",
        "CCF": "A",
        "CSA": 4,
        "IF_2015": 1.033,
        "category": 0,
        "symbolSize": 24.5453921627,
        "CCF_Dir_Shortname": "CA"
    },
    {
        "id": "TACO",
        "name": "TACO",
        "fullName": "ACM Transactions on Architecture and Code Optimization",
        "Press": "ACM",
        "DBLP": "http://dblp.uni-trier.de/db/journals/taco/",
        "CCF": "B",
        "CSA": 4,
        "IF_2015": 0.585,
        "category": 0,
        "symbolSize": 19.882357581,
        "CCF_Dir_Shortname": "CA"
    },
    {
        "id": "TAAS",
        "name": "TAAS",
        "fullName": "ACM Transactions on Autonomous and Adaptive Systems",
        "Press": "ACM",
        "DBLP": "http://dblp.uni-trier.de/db/journals/taas/",
        "CCF": "B",
        "CSA": 4,
        "IF_2015": 1.118,
        "category": 0,
        "symbolSize": 25.2497444522,
        "CCF_Dir_Shortname": "CA"
    },
    {
        "id": "TODAES",
        "name": "TODAES",
        "fullName": "ACM Transactions on Design Automation of Electronic Systems",
        "Press": "ACM",
        "DBLP": "http://dblp.uni-trier.de/db/journals/todaes/",
        "CCF": "B",
        "CSA": 4,
        "IF_2015": 0.82,
        "category": 0,
        "symbolSize": 22.5667628567,
        "CCF_Dir_Shortname": "CA"
    },
    {
        "id": "TECS",
        "name": "TECS",
        "fullName": "ACM Transactions on Embedded Computing Systems",
        "Press": "ACM",
        "DBLP": "http://dblp.uni-trier.de/db/journals/tecs/",
        "CCF": "B",
        "CSA": 4,
        "IF_2015": 0.714,
        "category": 0,
        "symbolSize": 21.4364940845,
        "CCF_Dir_Shortname": "CA"
    },
    {
        "id": "TRETS",
        "name": "TRETS",
        "fullName": "ACM Transactions on Reconfigurable Technology and Systems",
        "Press": "ACM",
        "DBLP": "http://dblp.uni-trier.de/db/journals/trets/",
        "CCF": "B",
        "CSA": 4,
        "IF_2015": 0.5,
        "category": 0,
        "symbolSize": 18.7179998859,
        "CCF_Dir_Shortname": "CA"
    },
    {
        "id": "TVLSI",
        "name": "TVLSI",
        "fullName": "IEEE Transactions on VLSI Systems",
        "Press": "IEEE",
        "DBLP": "http://dblp.uni-trier.de/db/journals/tvlsi/",
        "CCF": "B",
        "CSA": 4,
        "IF_2015": 1.245,
        "category": 0,
        "symbolSize": 26.2300832462,
        "CCF_Dir_Shortname": "CA"
    },
    {
        "id": "JPDC",
        "name": "JPDC",
        "fullName": "Journal of Parallel and Distributed Computing",
        "Press": "Elsevier",
        "DBLP": "http://dblp.uni-trier.de/db/journals/jpdc/",
        "CCF": "B",
        "CSA": 4,
        "IF_2015": 1.32,
        "category": 0,
        "symbolSize": 26.773666985,
        "CCF_Dir_Shortname": "CA"
    },
    {
        "id": "PARCO",
        "name": "PARCO",
        "fullName": "Parallel Computing",
        "Press": "Elsevier",
        "DBLP": "http://dblp.uni-trier.de/db/conf/parco/",
        "CCF": "B",
        "CSA": 3,
        "IF_2015": 1.0,
        "category": 0,
        "symbolSize": 24.2601513196,
        "CCF_Dir_Shortname": "CA"
    },
    {
        "id": "IJPE",
        "name": "IJPE",
        "fullName": "Performance Evaluation: An International Journal",
        "Press": "Elsevier",
        "DBLP": "http://www.journals.elsevier.com/performance-evaluation/",
        "CCF": "B",
        "CSA": 4,
        "IF_2015": 0.944,
        "category": 0,
        "symbolSize": 23.7595289258,
        "CCF_Dir_Shortname": "CA"
    },
    {
        "id": "JSA",
        "name": "JSA",
        "fullName": "Journal of Systems Architecture",
        "Press": "Elsevier",
        "DBLP": "http://dblp.uni-trier.de/db/journals/jsa/",
        "CCF": "B",
        "CSA": 4,
        "IF_2015": 0.683,
        "category": 0,
        "symbolSize": 21.0828694606,
        "CCF_Dir_Shortname": "CA"
    },
    {
        "id": "CCPE",
        "name": "CCPE",
        "fullName": "Concurrency and Computation: Practice and Experience",
        "Press": "Wiley",
        "DBLP": "http://dblp.uni-trier.de/db/journals/concurrency/",
        "CCF": "C",
        "CSA": 4,
        "IF_2015": 0.942,
        "category": 0,
        "symbolSize": 23.7412433923,
        "CCF_Dir_Shortname": "CA"
    },
    {
        "id": "DC",
        "name": "DC",
        "fullName": "Distributed Computing",
        "Press": "Springer",
        "DBLP": "http://dblp.uni-trier.de/db/journals/dc/",
        "CCF": "C",
        "CSA": 4,
        "IF_2015": 1.263,
        "category": 0,
        "symbolSize": 26.3627821406,
        "CCF_Dir_Shortname": "CA"
    },
    {
        "id": "FGCS",
        "name": "FGCS",
        "fullName": "Future Generation Computer Systems",
        "Press": "Elsevier",
        "DBLP": "http://dblp.uni-trier.de/db/journals/fgcs/",
        "CCF": "C",
        "CSA": 2,
        "IF_2015": 2.43,
        "category": 0,
        "symbolSize": 32.8844694096,
        "CCF_Dir_Shortname": "CA"
    },
    {
        "id": "Integration",
        "name": "Integration",
        "fullName": "Integration, the VLSI Journal",
        "Press": "Elsevier",
        "DBLP": "http://dblp.uni-trier.de/db/journals/integration/",
        "CCF": "C",
        "CSA": 4,
        "IF_2015": 0.703,
        "category": 0,
        "symbolSize": 21.312317022,
        "CCF_Dir_Shortname": "CA"
    },
    {
        "id": "MMEHD",
        "name": "MMEHD",
        "fullName": "Microprocessors and Microsystems: Embedded Hardware Design",
        "Press": "Elsevier",
        "DBLP": "http://dblp.uni-trier.de/db/journals/mam/",
        "CCF": "C",
        "CSA": 4,
        "IF_2015": 0.471,
        "category": 0,
        "symbolSize": 18.2886710058,
        "CCF_Dir_Shortname": "CA"
    },
    {
        "id": "JGC",
        "name": "JGC",
        "fullName": "The Journal of Grid computing",
        "Press": "Springer",
        "DBLP": "http://link.springer.com/journal/10723",
        "CCF": "C",
        "CSA": 3,
        "IF_2015": 1.561,
        "category": 0,
        "symbolSize": 28.3732207479,
        "CCF_Dir_Shortname": "CA"
    },
    {
        "id": "TJSC",
        "name": "TJSC",
        "fullName": "The Journal of Supercomputing",
        "Press": "Springer",
        "DBLP": "http://dblp.uni-trier.de/db/journals/tjs/",
        "CCF": "C",
        "CSA": 4,
        "IF_2015": 1.088,
        "category": 0,
        "symbolSize": 25.0059161053,
        "CCF_Dir_Shortname": "CA"
    },
    {
        "id": "JETC",
        "name": "JETC",
        "fullName": "The ACM Journal on Emerging Technologies in Computing Systems",
        "Press": "ACM",
        "DBLP": "http://dblp.uni-trier.de/db/journals/jetc/",
        "CCF": "C",
        "CSA": 4,
        "IF_2015": 0.705,
        "category": 0,
        "symbolSize": 21.334999424,
        "CCF_Dir_Shortname": "CA"
    },
    {
        "id": "JET",
        "name": "JET",
        "fullName": "Journal of Electronic Testing-Theory and Applications",
        "Press": "Springer",
        "DBLP": "http://link.springer.com/journal/10836",
        "CCF": "C",
        "CSA": 4,
        "IF_2015": 0.361,
        "category": 0,
        "symbolSize": 16.4683388097,
        "CCF_Dir_Shortname": "CA"
    },
    {
        "id": "RTS",
        "name": "RTS",
        "fullName": "Real-Time Systems",
        "Press": "Springer",
        "DBLP": "http://dblp.uni-trier.de/db/journals/rts/",
        "CCF": "C",
        "CSA": 4,
        "IF_2015": 0.738,
        "category": 0,
        "symbolSize": 21.7026588337,
        "CCF_Dir_Shortname": "CA"
    }
]