[
    {
        "id": "TODS",
        "name": "TODS",
        "fullName": "ACM Transactions on Database Systems",
        "Press": "ACM",
        "DBLP": "http://dblp.uni-trier.de/db/journals/tods/",
        "CCF": "A",
        "CSA": 4,
        "IF_2015": 0.633,
        "category": 0,
        "symbolSize": 20.487125813,
        "CCF_Dir_Shortname": "DB"
    },
    {
        "id": "TOIS",
        "name": "TOIS",
        "fullName": "ACM Transactions on Information Systems",
        "Press": "ACM",
        "DBLP": "http://dblp.uni-trier.de/db/journals/tois/",
        "CCF": "A",
        "CSA": 4,
        "IF_2015": 0.977,
        "category": 0,
        "symbolSize": 24.0571430185,
        "CCF_Dir_Shortname": "DB"
    },
    {
        "id": "TKDE",
        "name": "TKDE",
        "fullName": "IEEE Transactions on Knowledge and Data Engineering",
        "Press": "IEEE",
        "DBLP": "http://dblp.uni-trier.de/db/journals/tkde/",
        "CCF": "A",
        "CSA": 3,
        "IF_2015": 2.476,
        "category": 0,
        "symbolSize": 33.084761836,
        "CCF_Dir_Shortname": "DB"
    },
    {
        "id": "VLDBJ",
        "name": "VLDBJ",
        "fullName": "VLDB Journal",
        "Press": "Springer",
        "DBLP": "http://dblp.uni-trier.de/db/journals/vldb/",
        "CCF": "A",
        "CSA": 3,
        "IF_2015": 1.744,
        "category": 0,
        "symbolSize": 29.4639913629,
        "CCF_Dir_Shortname": "DB"
    },
    {
        "id": "TKDD",
        "name": "TKDD",
        "fullName": "ACM Transactions on KnowledgeDiscovery from Data",
        "Press": "ACM",
        "DBLP": "http://dblp.uni-trier.de/db/journals/tkdd/",
        "CCF": "B",
        "CSA": 4,
        "IF_2015": 1.0,
        "category": 0,
        "symbolSize": 24.2601513196,
        "CCF_Dir_Shortname": "DB"
    },
    {
        "id": "AEI",
        "name": "AEI",
        "fullName": "Advanced Engineering Informatics",
        "Press": "Elsevier",
        "DBLP": "http://dblp.uni-trier.de/db/journals/aei/",
        "CCF": "B",
        "CSA": 3,
        "IF_2015": 2.0,
        "category": 0,
        "symbolSize": 30.8480755457,
        "CCF_Dir_Shortname": "DB"
    },
    {
        "id": "DKE",
        "name": "DKE",
        "fullName": "Data and Knowledge Engineering",
        "Press": "Elsevier",
        "DBLP": "http://dblp.uni-trier.de/db/journals/dke/",
        "CCF": "B",
        "CSA": 3,
        "IF_2015": 1.5,
        "category": 0,
        "symbolSize": 27.9874785575,
        "CCF_Dir_Shortname": "DB"
    },
    {
        "id": "DMKD",
        "name": "DMKD",
        "fullName": "Data Mining and KnowledgeDiscovery",
        "Press": "Springer",
        "DBLP": "http://dblp.uni-trier.de/db/journals/datamine/",
        "CCF": "B",
        "CSA": 2,
        "IF_2015": 2.714,
        "category": 0,
        "symbolSize": 34.0755247957,
        "CCF_Dir_Shortname": "DB"
    },
    {
        "id": "EJIS",
        "name": "EJIS",
        "fullName": "European Journal of Information Systems",
        "Press": "Springer",
        "DBLP": "http://dblp.uni-trier.de/db/journals/ejis/",
        "CCF": "B",
        "CSA": 2,
        "IF_2015": 2.892,
        "category": 0,
        "symbolSize": 34.7714351787,
        "CCF_Dir_Shortname": "DB"
    },
    {
        "id": "GeoInfo",
        "name": "GeoInfo",
        "fullName": "GeoInformatica",
        "Press": "Springer",
        "DBLP": "http://dblp.uni-trier.de/db/journals/geoinformatica/",
        "CCF": "B",
        "CSA": 4,
        "IF_2015": 1.061,
        "category": 0,
        "symbolSize": 24.7820896873,
        "CCF_Dir_Shortname": "DB"
    },
    {
        "id": "IPM",
        "name": "IPM",
        "fullName": "Information Processing and Management",
        "Press": "Elsevier",
        "DBLP": "http://dblp.uni-trier.de/db/journals/ipm/",
        "CCF": "B",
        "CSA": 4,
        "IF_2015": 1.397,
        "category": 0,
        "symbolSize": 27.3076246597,
        "CCF_Dir_Shortname": "DB"
    },
    {
        "id": "InSci",
        "name": "InSci",
        "fullName": "Information Sciences",
        "Press": "Elsevier",
        "DBLP": "http://dblp.uni-trier.de/db/journals/isci/",
        "CCF": "B",
        "CSA": 2,
        "IF_2015": 3.364,
        "category": 0,
        "symbolSize": 36.4606147965,
        "CCF_Dir_Shortname": "DB"
    },
    {
        "id": "InSys",
        "name": "InSys",
        "fullName": "Information Systems",
        "Press": "Elsevier",
        "DBLP": "http://dblp.uni-trier.de/db/journals/is/",
        "CCF": "B",
        "CSA": 3,
        "IF_2015": 1.832,
        "category": 0,
        "symbolSize": 29.9568327509,
        "CCF_Dir_Shortname": "DB"
    },
    {
        "id": "JASIST",
        "name": "JASIST",
        "fullName": "Journal of the American Society for Information Science and Technology",
        "Press": "Wiley",
        "DBLP": "http://dblp.uni-trier.de/db/journals/jasis/",
        "CCF": "B",
        "CSA": 3,
        "IF_2015": 2.159,
        "category": 0,
        "symbolSize": 31.6384745507,
        "CCF_Dir_Shortname": "DB"
    },
    {
        "id": "JWS",
        "name": "JWS",
        "fullName": "Journal of Web Semantics",
        "Press": "Elsevier",
        "DBLP": "http://dblp.uni-trier.de/db/journals/ws/",
        "CCF": "B",
        "CSA": 3,
        "IF_2015": 1.277,
        "category": 0,
        "symbolSize": 26.4649963448,
        "CCF_Dir_Shortname": "DB"
    },
    {
        "id": "KIS",
        "name": "KIS",
        "fullName": "Knowledge and Information Systems",
        "Press": "Springer",
        "DBLP": "http://dblp.uni-trier.de/db/journals/kais/",
        "CCF": "B",
        "CSA": 3,
        "IF_2015": 1.702,
        "category": 0,
        "symbolSize": 29.2218590549,
        "CCF_Dir_Shortname": "DB"
    },
    {
        "id": "TWEB",
        "name": "TWEB",
        "fullName": "ACM Transactions on the Web",
        "Press": "ACM",
        "DBLP": "http://dblp.uni-trier.de/db/journals/tweb/",
        "CCF": "B",
        "CSA": 3,
        "IF_2015": 1.061,
        "category": 0,
        "symbolSize": 24.7820896873,
        "CCF_Dir_Shortname": "DB"
    },
    {
        "id": "SW",
        "name": "SW",
        "fullName": "Semantic Web",
        "Press": "IOS Press",
        "DBLP": "http://www.semantic-web-journal.net/",
        "CCF": "D",
        "CSA": 3,
        "IF_2015": 1.786,
        "category": 0,
        "symbolSize": 29.7015912995,
        "CCF_Dir_Shortname": "DB"
    },
    {
        "id": "DPD",
        "name": "DPD",
        "fullName": "Distributed and Parallel Databases",
        "Press": "Springer",
        "DBLP": "http://dblp.uni-trier.de/db/journals/dpd/",
        "CCF": "C",
        "CSA": 4,
        "IF_2015": 0.8,
        "category": 0,
        "symbolSize": 22.3620781637,
        "CCF_Dir_Shortname": "DB"
    },
    {
        "id": "I&M",
        "name": "I&M",
        "fullName": "Information and Management",
        "Press": "Elsevier",
        "DBLP": "http://dblp.uni-trier.de/db/journals/iam/",
        "CCF": "C",
        "CSA": 3,
        "IF_2015": 2.163,
        "category": 0,
        "symbolSize": 31.6577528095,
        "CCF_Dir_Shortname": "DB"
    },
    {
        "id": "IPL",
        "name": "IPL",
        "fullName": "Information Processing Letters",
        "Press": "Elsevier",
        "DBLP": "http://dblp.uni-trier.de/db/journals/ipl/",
        "CCF": "C",
        "CSA": 4,
        "IF_2015": 0.605,
        "category": 0,
        "symbolSize": 20.138526293,
        "CCF_Dir_Shortname": "DB"
    },
    {
        "id": "IR",
        "name": "IR",
        "fullName": "Information Retrieval",
        "Press": "Springer",
        "DBLP": "http://dblp.uni-trier.de/db/journals/ir/",
        "CCF": "C",
        "CSA": 4,
        "IF_2015": 0.896,
        "category": 0,
        "symbolSize": 23.3124594501,
        "CCF_Dir_Shortname": "DB"
    },
    {
        "id": "IJCIS",
        "name": "IJCIS",
        "fullName": "International Journal of Cooperative Information Systems",
        "Press": "World Scientific",
        "DBLP": "http://dblp.uni-trier.de/db/journals/ijcis/",
        "CCF": "C",
        "CSA": 4,
        "IF_2015": 0.526,
        "category": 0,
        "symbolSize": 19.0881928145,
        "CCF_Dir_Shortname": "DB"
    },
    {
        "id": "IJGIS",
        "name": "IJGIS",
        "fullName": "International Journal of Geographical Information Science",
        "Press": "Taylor & Francis",
        "DBLP": "http://dblp.uni-trier.de/db/journals/gis/",
        "CCF": "C",
        "CSA": 3,
        "IF_2015": 2.065,
        "category": 0,
        "symbolSize": 31.1770270244,
        "CCF_Dir_Shortname": "DB"
    },
    {
        "id": "IJIS",
        "name": "IJIS",
        "fullName": "International Journal of Intelligent Systems",
        "Press": "Wiley",
        "DBLP": "http://dblp.uni-trier.de/db/journals/ijis/",
        "CCF": "C",
        "CSA": 3,
        "IF_2015": 2.05,
        "category": 0,
        "symbolSize": 31.1018527978,
        "CCF_Dir_Shortname": "DB"
    },
    {
        "id": "IJKM",
        "name": "IJKM",
        "fullName": "International Journal of Knowledge Management",
        "Press": "IGI",
        "DBLP": "http://dblp.uni-trier.de/db/journals/ijkm/",
        "CCF": "C",
        "CSA": 5,
        "IF_2015": 0.0,
        "category": 0,
        "symbolSize": 0.0,
        "CCF_Dir_Shortname": "DB"
    },
    {
        "id": "IJSWIS",
        "name": "IJSWIS",
        "fullName": "International Journal on Semantic Web and Information Systems",
        "Press": "IGI",
        "DBLP": "http://dblp.uni-trier.de/db/journals/ijswis/",
        "CCF": "C",
        "CSA": 4,
        "IF_2015": 0.621,
        "category": 0,
        "symbolSize": 20.3391142201,
        "CCF_Dir_Shortname": "DB"
    },
    {
        "id": "JCIS",
        "name": "JCIS",
        "fullName": "Journal of Computer Information Systems",
        "Press": "IACIS",
        "DBLP": "http://dblp.uni-trier.de/db/journals/jcis/",
        "CCF": "C",
        "CSA": 4,
        "IF_2015": 0.764,
        "category": 0,
        "symbolSize": 21.9839562414,
        "CCF_Dir_Shortname": "DB"
    },
    {
        "id": "JDM",
        "name": "JDM",
        "fullName": "Journal of Database Management",
        "Press": "IGI-Global",
        "DBLP": "http://dblp.uni-trier.de/db/journals/jdm/",
        "CCF": "C",
        "CSA": 4,
        "IF_2015": 0.12,
        "category": 0,
        "symbolSize": 10.4104668864,
        "CCF_Dir_Shortname": "DB"
    },
    {
        "id": "JGITM",
        "name": "JGITM",
        "fullName": "Journal of Global Information Technology Management",
        "Press": "Ivy League Publishing",
        "DBLP": "http://www.tandfonline.com/loi/ugit20#.Vnv35pN97rI",
        "CCF": "C",
        "CSA": 5,
        "IF_2015": 0.0,
        "category": 0,
        "symbolSize": 0.0,
        "CCF_Dir_Shortname": "DB"
    },
    {
        "id": "JIIS",
        "name": "JIIS",
        "fullName": "Journal of Intelligent Information Systems",
        "Press": "Springer",
        "DBLP": "http://dblp.uni-trier.de/db/journals/jiis/",
        "CCF": "C",
        "CSA": 4,
        "IF_2015": 1.0,
        "category": 0,
        "symbolSize": 24.2601513196,
        "CCF_Dir_Shortname": "DB"
    },
    {
        "id": "JSIS",
        "name": "JSIS",
        "fullName": "Journal of Strategic Information Systems",
        "Press": "Elsevier",
        "DBLP": "http://dblp.uni-trier.de/db/journals/jsis/",
        "CCF": "C",
        "CSA": 2,
        "IF_2015": 2.595,
        "category": 0,
        "symbolSize": 33.5893295832,
        "CCF_Dir_Shortname": "DB"
    }
]