[
    {
        "id": "AI",
        "name": "AI",
        "fullName": "Artificial Intelligence",
        "Press": "Elsevier",
        "DBLP": "http://dblp.uni-trier.de/db/journals/ai/",
        "CCF": "A",
        "CSA": 2,
        "IF_2015": 3.333,
        "category": 0,
        "symbolSize": 36.3558519796,
        "CCF_Dir_Shortname": "AI"
    },
    {
        "id": "TPAMI",
        "name": "TPAMI",
        "fullName": "IEEE Trans on Pattern Analysis and Machine Intelligence",
        "Press": "IEEE",
        "DBLP": "http://dblp.uni-trier.de/db/journals/pami/",
        "CCF": "A",
        "CSA": 1,
        "IF_2015": 6.077,
        "category": 0,
        "symbolSize": 43.4965299428,
        "CCF_Dir_Shortname": "AI"
    },
    {
        "id": "IJCV",
        "name": "IJCV",
        "fullName": "International Journal of Computer Vision",
        "Press": "Springer",
        "DBLP": "http://dblp.uni-trier.de/db/journals/ijcv/",
        "CCF": "A",
        "CSA": 2,
        "IF_2015": 4.27,
        "category": 0,
        "symbolSize": 39.217623482,
        "CCF_Dir_Shortname": "AI"
    },
    {
        "id": "JMLR",
        "name": "JMLR",
        "fullName": "Journal of Machine Learning Research",
        "Press": "MIT Press",
        "DBLP": "http://dblp.uni-trier.de/db/journals/jmlr/",
        "CCF": "A",
        "CSA": 2,
        "IF_2015": 2.45,
        "category": 0,
        "symbolSize": 32.9719249314,
        "CCF_Dir_Shortname": "AI"
    },
    {
        "id": "TAP",
        "name": "TAP",
        "fullName": "ACM Transactions on Applied Perception",
        "Press": "ACM",
        "DBLP": "http://dblp.uni-trier.de/db/journals/tap/",
        "CCF": "B",
        "CSA": 4,
        "IF_2015": 0.561,
        "category": 0,
        "symbolSize": 19.5665335025,
        "CCF_Dir_Shortname": "AI"
    },
    {
        "id": "TSLP",
        "name": "TSLP",
        "fullName": "ACM Transactions on Speech and Language Processing",
        "Press": "ACM",
        "DBLP": "http://dblp.uni-trier.de/db/journals/tslp/",
        "CCF": "B",
        "CSA": 2,
        "IF_2015": 1.584,
        "category": 0,
        "symbolSize": 28.5156250117,
        "CCF_Dir_Shortname": "AI"
    },
    {
        "id": "CL",
        "name": "CL",
        "fullName": "Computational Linguistics",
        "Press": "MIT Press",
        "DBLP": "http://dblp.uni-trier.de/db/journals/coling/",
        "CCF": "B",
        "CSA": 3,
        "IF_2015": 2.017,
        "category": 0,
        "symbolSize": 30.9349190685,
        "CCF_Dir_Shortname": "AI"
    },
    {
        "id": "CVIU",
        "name": "CVIU",
        "fullName": "Computer Vision and Image Understanding",
        "Press": "Elsevier",
        "DBLP": "http://dblp.uni-trier.de/db/journals/cviu/",
        "CCF": "B",
        "CSA": 3,
        "IF_2015": 2.134,
        "category": 0,
        "symbolSize": 31.5173359588,
        "CCF_Dir_Shortname": "AI"
    },
    {
        "id": "DKE",
        "name": "DKE",
        "fullName": "Data and Knowledge Engineering",
        "Press": "Elsevier",
        "DBLP": "http://dblp.uni-trier.de/db/journals/dke/index.html",
        "CCF": "B",
        "CSA": 3,
        "IF_2015": 1.5,
        "category": 0,
        "symbolSize": 27.9874785575,
        "CCF_Dir_Shortname": "AI"
    },
    {
        "id": "EC",
        "name": "EC",
        "fullName": "Evolutionary Computation",
        "Press": "MIT Press",
        "DBLP": "http://dblp.uni-trier.de/db/journals/ec/",
        "CCF": "B",
        "CSA": 2,
        "IF_2015": 3.6,
        "category": 0,
        "symbolSize": 37.2330788948,
        "CCF_Dir_Shortname": "AI"
    },
    {
        "id": "TAC",
        "name": "TAC",
        "fullName": "IEEE Transactions on Affective Computing",
        "Press": "IEEE",
        "DBLP": "http://dblp.uni-trier.de/db/journals/taffco/",
        "CCF": "B",
        "CSA": 2,
        "IF_2015": 1.873,
        "category": 0,
        "symbolSize": 30.1801111284,
        "CCF_Dir_Shortname": "AI"
    },
    {
        "id": "TASLP",
        "name": "TASLP",
        "fullName": "IEEE Transactions on Audio, Speech, and Language Processing",
        "Press": "IEEE",
        "DBLP": "http://dblp.uni-trier.de/db/journals/taslp/",
        "CCF": "B",
        "CSA": 2,
        "IF_2015": 1.584,
        "category": 0,
        "symbolSize": 28.5156250117,
        "CCF_Dir_Shortname": "AI"
    },
    {
        "id": "TOC",
        "name": "TOC",
        "fullName": "IEEE Transactions on Cybernetics",
        "Press": "IEEE",
        "DBLP": "http://dblp.uni-trier.de/db/journals/tcyb/",
        "CCF": "B",
        "CSA": 1,
        "IF_2015": 4.943,
        "category": 0,
        "symbolSize": 40.9640452059,
        "CCF_Dir_Shortname": "AI"
    },
    {
        "id": "TEC",
        "name": "TEC",
        "fullName": "IEEE Transactions on Evolutionary Computation",
        "Press": "IEEE",
        "DBLP": "http://dblp.uni-trier.de/db/journals/tec/",
        "CCF": "B",
        "CSA": 1,
        "IF_2015": 5.908,
        "category": 0,
        "symbolSize": 43.1461164586,
        "CCF_Dir_Shortname": "AI"
    },
    {
        "id": "TFS",
        "name": "TFS",
        "fullName": "IEEE Transactions on Fuzzy Systems",
        "Press": "IEEE",
        "DBLP": "http://dblp.uni-trier.de/db/journals/tfs/",
        "CCF": "B",
        "CSA": 1,
        "IF_2015": 6.701,
        "category": 0,
        "symbolSize": 44.7219580516,
        "CCF_Dir_Shortname": "AI"
    },
    {
        "id": "TNNLS",
        "name": "TNNLS",
        "fullName": "IEEE Transactions on Neural Networks and learning systems",
        "Press": "IEEE",
        "DBLP": "http://dblp.uni-trier.de/db/journals/tnn/",
        "CCF": "B",
        "CSA": 1,
        "IF_2015": 4.854,
        "category": 0,
        "symbolSize": 40.7450370845,
        "CCF_Dir_Shortname": "AI"
    },
    {
        "id": "IJAR",
        "name": "IJAR",
        "fullName": "International Journal of Approximate Reasoning",
        "Press": "Elsevier",
        "DBLP": "http://dblp.uni-trier.de/db/journals/ijar/",
        "CCF": "B",
        "CSA": 2,
        "IF_2015": 2.696,
        "category": 0,
        "symbolSize": 34.003105627,
        "CCF_Dir_Shortname": "AI"
    },
    {
        "id": "JAIR",
        "name": "JAIR",
        "fullName": "Journal of AI Research",
        "Press": "AAAI",
        "DBLP": "http://dblp.uni-trier.de/db/journals/jair/index.html",
        "CCF": "B",
        "CSA": 4,
        "IF_2015": 1.659,
        "category": 0,
        "symbolSize": 28.9690651166,
        "CCF_Dir_Shortname": "AI"
    },
    {
        "id": "JAR",
        "name": "JAR",
        "fullName": "Journal of Automated Reasoning",
        "Press": "Springer",
        "DBLP": "http://dblp.uni-trier.de/db/journals/jar/",
        "CCF": "B",
        "CSA": 4,
        "IF_2015": 2.113,
        "category": 0,
        "symbolSize": 31.4147024927,
        "CCF_Dir_Shortname": "AI"
    },
    {
        "id": "JSLHR",
        "name": "JSLHR",
        "fullName": "Journal of Speech, Language, and Hearing Research",
        "Press": "American Speech-Language Hearing Association",
        "DBLP": "http://jslhr.pubs.asha.org/",
        "CCF": "B",
        "CSA": 4,
        "IF_2015": 1.526,
        "category": 0,
        "symbolSize": 28.1533555622,
        "CCF_Dir_Shortname": "AI"
    },
    {
        "id": "ML",
        "name": "ML",
        "fullName": "Machine Learning",
        "Press": "Springer",
        "DBLP": "http://dblp.uni-trier.de/db/journals/ml/",
        "CCF": "B",
        "CSA": 3,
        "IF_2015": 1.719,
        "category": 0,
        "symbolSize": 29.3204230273,
        "CCF_Dir_Shortname": "AI"
    },
    {
        "id": "NC",
        "name": "NC",
        "fullName": "Neural Computation",
        "Press": "MIT Press",
        "DBLP": "http://dblp.uni-trier.de/db/journals/neco/",
        "CCF": "B",
        "CSA": 3,
        "IF_2015": 1.626,
        "category": 0,
        "symbolSize": 28.771564074,
        "CCF_Dir_Shortname": "AI"
    },
    {
        "id": "NN",
        "name": "NN",
        "fullName": "Neural Networks",
        "Press": "Elsevier",
        "DBLP": "http://dblp.uni-trier.de/db/journals/nn/",
        "CCF": "B",
        "CSA": 2,
        "IF_2015": 3.216,
        "category": 0,
        "symbolSize": 35.9530916387,
        "CCF_Dir_Shortname": "AI"
    },
    {
        "id": "PR",
        "name": "PR",
        "fullName": "Pattern Recognition",
        "Press": "Elsevier",
        "DBLP": "http://dblp.uni-trier.de/db/conf/par/",
        "CCF": "B",
        "CSA": 2,
        "IF_2015": 3.399,
        "category": 0,
        "symbolSize": 36.5779440529,
        "CCF_Dir_Shortname": "AI"
    },
    {
        "id": "AAMAS",
        "name": "AAMAS",
        "fullName": "Autonomous Agents and Multi-Agent Systems",
        "Press": "Springer",
        "DBLP": "http://dblp.uni-trier.de/db/journals/aamas/",
        "CCF": "B",
        "CSA": 4,
        "IF_2015": 1.417,
        "category": 0,
        "symbolSize": 27.4425960658,
        "CCF_Dir_Shortname": "AI"
    },
    {
        "id": "TALIP",
        "name": "TALIP",
        "fullName": "ACM Transactions on Asian Language Information Processing",
        "Press": "ACM",
        "DBLP": "http://dblp.uni-trier.de/db/journals/talip/",
        "CCF": "C",
        "CSA": 5,
        "IF_2015": 0.0,
        "category": 0,
        "symbolSize": 0.0,
        "CCF_Dir_Shortname": "AI"
    },
    {
        "id": "AI",
        "name": "AI",
        "fullName": "Applied Intelligence",
        "Press": "Springer",
        "DBLP": "http://dblp.uni-trier.de/db/journals/apin/",
        "CCF": "C",
        "CSA": 4,
        "IF_2015": 1.215,
        "category": 0,
        "symbolSize": 26.0056263629,
        "CCF_Dir_Shortname": "AI"
    },
    {
        "id": "AIM",
        "name": "AIM",
        "fullName": "Artificial Intelligence in Medicine",
        "Press": "Elsevier",
        "DBLP": "http://dblp.uni-trier.de/db/journals/artmed/",
        "CCF": "C",
        "CSA": 3,
        "IF_2015": 2.142,
        "category": 0,
        "symbolSize": 31.556222825,
        "CCF_Dir_Shortname": "AI"
    },
    {
        "id": "AL",
        "name": "AL",
        "fullName": "Artificial Life",
        "Press": "MIT Press",
        "DBLP": "http://dblp.uni-trier.de/db/journals/alife/",
        "CCF": "C",
        "CSA": 3,
        "IF_2015": 1.042,
        "category": 0,
        "symbolSize": 24.6219946374,
        "CCF_Dir_Shortname": "AI"
    },
    {
        "id": "CI",
        "name": "CI",
        "fullName": "Computational Intelligence",
        "Press": "Wiley",
        "DBLP": "http://dblp.uni-trier.de/db/journals/ci/",
        "CCF": "C",
        "CSA": 4,
        "IF_2015": 0.722,
        "category": 0,
        "symbolSize": 21.5259315747,
        "CCF_Dir_Shortname": "AI"
    },
    {
        "id": "CSL",
        "name": "CSL",
        "fullName": "Computer Speech and Language",
        "Press": "Elsevier",
        "DBLP": "http://dblp.uni-trier.de/db/journals/csl/",
        "CCF": "C",
        "CSA": 3,
        "IF_2015": 1.324,
        "category": 0,
        "symbolSize": 26.8019866418,
        "CCF_Dir_Shortname": "AI"
    },
    {
        "id": "CS",
        "name": "CS",
        "fullName": "Connection Science",
        "Press": "Taylor & Francis",
        "DBLP": "http://dblp.uni-trier.de/db/journals/connection/",
        "CCF": "C",
        "CSA": 4,
        "IF_2015": 1.125,
        "category": 0,
        "symbolSize": 25.305924112,
        "CCF_Dir_Shortname": "AI"
    },
    {
        "id": "DSS",
        "name": "DSS",
        "fullName": "Decision Support Systems",
        "Press": "Elsevier",
        "DBLP": "http://dblp.uni-trier.de/db/journals/dss/",
        "CCF": "C",
        "CSA": 2,
        "IF_2015": 2.604,
        "category": 0,
        "symbolSize": 33.6267245786,
        "CCF_Dir_Shortname": "AI"
    },
    {
        "id": "EAAI",
        "name": "EAAI",
        "fullName": "Engineering Applications of Artificial Intelligence",
        "Press": "Elsevier",
        "DBLP": "http://dblp.uni-trier.de/db/journals/eaai/",
        "CCF": "C",
        "CSA": 2,
        "IF_2015": 2.368,
        "category": 0,
        "symbolSize": 32.6096270684,
        "CCF_Dir_Shortname": "AI"
    },
    {
        "id": "ES",
        "name": "ES",
        "fullName": "Expert Systems",
        "Press": "Blackwell /Wiley",
        "DBLP": "http://dblp.uni-trier.de/db/journals/es/",
        "CCF": "C",
        "CSA": 4,
        "IF_2015": 0.947,
        "category": 0,
        "symbolSize": 23.7869030833,
        "CCF_Dir_Shortname": "AI"
    },
    {
        "id": "ESWA",
        "name": "ESWA",
        "fullName": "Expert Systems with Applications",
        "Press": "Elsevier",
        "DBLP": "http://dblp.uni-trier.de/db/journals/eswa/",
        "CCF": "C",
        "CSA": 2,
        "IF_2015": 2.981,
        "category": 0,
        "symbolSize": 35.1063908795,
        "CCF_Dir_Shortname": "AI"
    },
    {
        "id": "FSS",
        "name": "FSS",
        "fullName": "Fuzzy Sets and Systems",
        "Press": "Elsevier",
        "DBLP": "http://dblp.uni-trier.de/db/journals/fss/",
        "CCF": "C",
        "CSA": 2,
        "IF_2015": 2.098,
        "category": 0,
        "symbolSize": 31.3408944673,
        "CCF_Dir_Shortname": "AI"
    },
    {
        "id": "T-CIAIG",
        "name": "T-CIAIG",
        "fullName": "IEEE Transactions on Computational Intelligence and AI in Games",
        "Press": "IEEE",
        "DBLP": "http://dblp.uni-trier.de/db/journals/tciaig/",
        "CCF": "C",
        "CSA": 4,
        "IF_2015": 1.0,
        "category": 0,
        "symbolSize": 24.2601513196,
        "CCF_Dir_Shortname": "AI"
    },
    {
        "id": "IET-CVI",
        "name": "IET-CVI",
        "fullName": "IET Computer Vision",
        "Press": "IET",
        "DBLP": "http://digital-library.theiet.org/content/journals/iet-cvi",
        "CCF": "C",
        "CSA": 4,
        "IF_2015": 0.573,
        "category": 0,
        "symbolSize": 19.7256285894,
        "CCF_Dir_Shortname": "AI"
    },
    {
        "id": "IETSP",
        "name": "IETSP",
        "fullName": "IET Signal Processing",
        "Press": "IET",
        "DBLP": "http://digital-library.theiet.org/content/journals/iet-spr",
        "CCF": "C",
        "CSA": 4,
        "IF_2015": 0.873,
        "category": 0,
        "symbolSize": 23.0919012695,
        "CCF_Dir_Shortname": "AI"
    },
    {
        "id": "IVC",
        "name": "IVC",
        "fullName": "Image and Vision Computing",
        "Press": "Elsevier",
        "DBLP": "http://dblp.uni-trier.de/db/journals/ivc/",
        "CCF": "C",
        "CSA": 3,
        "IF_2015": 1.766,
        "category": 0,
        "symbolSize": 29.5890020329,
        "CCF_Dir_Shortname": "AI"
    },
    {
        "id": "IDA",
        "name": "IDA",
        "fullName": "Intelligent Data Analysis",
        "Press": "Elsevier",
        "DBLP": "http://dblp.uni-trier.de/db/journals/ida/",
        "CCF": "C",
        "CSA": 4,
        "IF_2015": 0.631,
        "category": 0,
        "symbolSize": 20.462598551,
        "CCF_Dir_Shortname": "AI"
    },
    {
        "id": "IJCIA",
        "name": "IJCIA",
        "fullName": "International Journal of Computational Intelligence and Applications",
        "Press": "World Scientific",
        "DBLP": "http://dblp.uni-trier.de/db/journals/ijcia/",
        "CCF": "C",
        "CSA": 5,
        "IF_2015": 0.0,
        "category": 0,
        "symbolSize": 0.0,
        "CCF_Dir_Shortname": "AI"
    },
    {
        "id": "IJDAR",
        "name": "IJDAR",
        "fullName": "International Journal on Document Analysis and Recognition",
        "Press": "Springer",
        "DBLP": "http://dblp.uni-trier.de/db/journals/ijdar/",
        "CCF": "C",
        "CSA": 4,
        "IF_2015": 0.885,
        "category": 0,
        "symbolSize": 23.2075061281,
        "CCF_Dir_Shortname": "AI"
    },
    {
        "id": "IJIS",
        "name": "IJIS",
        "fullName": "International Journal of Intelligent Systems",
        "Press": "Wiley",
        "DBLP": "http://dblp.uni-trier.de/db/journals/ijis/",
        "CCF": "C",
        "CSA": 3,
        "IF_2015": 2.05,
        "category": 0,
        "symbolSize": 31.1018527978,
        "CCF_Dir_Shortname": "AI"
    },
    {
        "id": "IJNS",
        "name": "IJNS",
        "fullName": "International Journal of Neural Systems",
        "Press": "World Scientific",
        "DBLP": "http://dblp.uni-trier.de/db/journals/ijns/",
        "CCF": "C",
        "CSA": 1,
        "IF_2015": 6.085,
        "category": 0,
        "symbolSize": 43.5129100216,
        "CCF_Dir_Shortname": "AI"
    },
    {
        "id": "IJPRAI",
        "name": "IJPRAI",
        "fullName": "International Journal of Pattern Recognition and Artificial Intelligence",
        "Press": "World Scientific",
        "DBLP": "http://dblp.uni-trier.de/db/journals/ijprai/",
        "CCF": "C",
        "CSA": 4,
        "IF_2015": 0.915,
        "category": 0,
        "symbolSize": 23.4915082547,
        "CCF_Dir_Shortname": "AI"
    },
    {
        "id": "IJUFKBS",
        "name": "IJUFKBS",
        "fullName": "International Journal of Uncertainty, Fuzziness and KBS",
        "Press": "World Scientific",
        "DBLP": "http://dblp.uni-trier.de/db/journals/ijcia/",
        "CCF": "C",
        "CSA": 4,
        "IF_2015": 1.0,
        "category": 0,
        "symbolSize": 24.2601513196,
        "CCF_Dir_Shortname": "AI"
    },
    {
        "id": "JETAI",
        "name": "JETAI",
        "fullName": "Journal of Experimental and Theoretical Artificial Intelligence",
        "Press": "Taylor & Francis",
        "DBLP": "http://dblp.uni-trier.de/db/journals/jetai/",
        "CCF": "C",
        "CSA": 4,
        "IF_2015": 1.703,
        "category": 0,
        "symbolSize": 29.2276782306,
        "CCF_Dir_Shortname": "AI"
    },
    {
        "id": "KBS",
        "name": "KBS",
        "fullName": "Knowledge-Based Systems",
        "Press": "Elsevier",
        "DBLP": "http://dblp.uni-trier.de/db/journals/kbs/",
        "CCF": "C",
        "CSA": 2,
        "IF_2015": 3.325,
        "category": 0,
        "symbolSize": 36.328686255,
        "CCF_Dir_Shortname": "AI"
    },
    {
        "id": "MT",
        "name": "MT",
        "fullName": "Machine Translation",
        "Press": "Springer",
        "DBLP": "http://dblp.uni-trier.de/db/journals/mt/",
        "CCF": "C",
        "CSA": 5,
        "IF_2015": 0.0,
        "category": 0,
        "symbolSize": 0.0,
        "CCF_Dir_Shortname": "AI"
    },
    {
        "id": "MVS",
        "name": "MVS",
        "fullName": "Machine Vision and Applications",
        "Press": "Springer",
        "DBLP": "http://dblp.uni-trier.de/db/journals/mva/",
        "CCF": "C",
        "CSA": 3,
        "IF_2015": 1.272,
        "category": 0,
        "symbolSize": 26.4285901265,
        "CCF_Dir_Shortname": "AI"
    },
    {
        "id": "NC",
        "name": "NC",
        "fullName": "Natural Computing",
        "Press": "Springer",
        "DBLP": "http://dblp.uni-trier.de/db/journals/nc/",
        "CCF": "C",
        "CSA": 4,
        "IF_2015": 1.31,
        "category": 0,
        "symbolSize": 26.7025786748,
        "CCF_Dir_Shortname": "AI"
    },
    {
        "id": "NLE",
        "name": "NLE",
        "fullName": "Natural Language Engineering",
        "Press": "Cambridge University",
        "DBLP": "http://dblp.uni-trier.de/db/journals/nle/",
        "CCF": "C",
        "CSA": 4,
        "IF_2015": 0.886,
        "category": 0,
        "symbolSize": 23.217087242,
        "CCF_Dir_Shortname": "AI"
    },
    {
        "id": "NCA",
        "name": "NCA",
        "fullName": "Neural Computing & Applications",
        "Press": "Springer",
        "DBLP": "http://dblp.uni-trier.de/db/journals/nca/",
        "CCF": "C",
        "CSA": 3,
        "IF_2015": 1.492,
        "category": 0,
        "symbolSize": 27.9359910566,
        "CCF_Dir_Shortname": "AI"
    },
    {
        "id": "NPL",
        "name": "NPL",
        "fullName": "Neural Processing Letters",
        "Press": "Springer",
        "DBLP": "http://dblp.uni-trier.de/db/journals/npl/",
        "CCF": "C",
        "CSA": 3,
        "IF_2015": 1.747,
        "category": 0,
        "symbolSize": 29.4811108916,
        "CCF_Dir_Shortname": "AI"
    },
    {
        "id": "NeuroCom",
        "name": "NeuroCom",
        "fullName": "Neurocomputing",
        "Press": "Elsevier",
        "DBLP": "http://dblp.uni-trier.de/db/journals/ijon/",
        "CCF": "C",
        "CSA": 2,
        "IF_2015": 2.392,
        "category": 0,
        "symbolSize": 32.7166961305,
        "CCF_Dir_Shortname": "AI"
    },
    {
        "id": "PAA",
        "name": "PAA",
        "fullName": "Pattern Analysis and Applications",
        "Press": "Springer",
        "DBLP": "http://dblp.uni-trier.de/db/journals/paa/",
        "CCF": "C",
        "CSA": 4,
        "IF_2015": 1.104,
        "category": 0,
        "symbolSize": 25.1365816144,
        "CCF_Dir_Shortname": "AI"
    },
    {
        "id": "PRL",
        "name": "PRL",
        "fullName": "Pattern Recognition Letters",
        "Press": "Elsevier",
        "DBLP": "http://dblp.uni-trier.de/db/journals/prl/",
        "CCF": "C",
        "CSA": 3,
        "IF_2015": 1.586,
        "category": 0,
        "symbolSize": 28.5279317624,
        "CCF_Dir_Shortname": "AI"
    },
    {
        "id": "SoftCom",
        "name": "SoftCom",
        "fullName": "Soft Computing",
        "Press": "Springer",
        "DBLP": "http://dblp.uni-trier.de/db/journals/soco/",
        "CCF": "C",
        "CSA": 3,
        "IF_2015": 1.63,
        "category": 0,
        "symbolSize": 28.7956693377,
        "CCF_Dir_Shortname": "AI"
    },
    {
        "id": "WIAS",
        "name": "WIAS",
        "fullName": "Web Intelligence and Agent Systems",
        "Press": "IOS Press",
        "DBLP": "http://dblp.uni-trier.de/db/journals/wias/",
        "CCF": "C",
        "CSA": 5,
        "IF_2015": 0.0,
        "category": 0,
        "symbolSize": 0.0,
        "CCF_Dir_Shortname": "AI"
    }
]