[
    {
        "id": "TOCHI",
        "name": "TOCHI",
        "fullName": "ACM Transactions on Computer-Human Interaction",
        "Press": "ACM",
        "DBLP": "http://dblp.uni-trier.de/db/journals/tochi/",
        "CCF": "A",
        "CSA": 4,
        "IF_2015": 1.293,
        "category": 0,
        "symbolSize": 26.5807677963,
        "CCF_Dir_Shortname": "HCI"
    },
    {
        "id": "IJHCS",
        "name": "IJHCS",
        "fullName": "International Journal of Human Computer Studies",
        "Press": "Elsevier",
        "DBLP": "http://dblp.uni-trier.de/db/journals/ijmms/",
        "CCF": "A",
        "CSA": 3,
        "IF_2015": 1.476,
        "category": 0,
        "symbolSize": 27.8323709477,
        "CCF_Dir_Shortname": "HCI"
    },
    {
        "id": "CSCW",
        "name": "CSCW",
        "fullName": "Computer Supported Cooperative Work",
        "Press": "Springer",
        "DBLP": "http://dblp.uni-trier.de/db/journals/cscw/",
        "CCF": "B",
        "CSA": 3,
        "IF_2015": 1.784,
        "category": 0,
        "symbolSize": 29.6903770842,
        "CCF_Dir_Shortname": "HCI"
    },
    {
        "id": "HCI",
        "name": "HCI",
        "fullName": "Human Computer Interaction",
        "Press": "Taylor & Francis",
        "DBLP": "http://dblp.uni-trier.de/db/journals/hhci/",
        "CCF": "B",
        "CSA": 2,
        "IF_2015": 3.7,
        "category": 0,
        "symbolSize": 37.5478132959,
        "CCF_Dir_Shortname": "HCI"
    },
    {
        "id": "IWC",
        "name": "IWC",
        "fullName": "Interacting with Computers",
        "Press": "Oxford University Press",
        "DBLP": "http://dblp.uni-trier.de/db/journals/iwc/",
        "CCF": "B",
        "CSA": 4,
        "IF_2015": 0.889,
        "category": 0,
        "symbolSize": 23.2457824917,
        "CCF_Dir_Shortname": "HCI"
    },
    {
        "id": "UMUAI",
        "name": "UMUAI",
        "fullName": "User Modeling and User-Adapted Interaction",
        "Press": "Springer",
        "DBLP": "http://dblp.uni-trier.de/db/journals/umuai/",
        "CCF": "B",
        "CSA": 2,
        "IF_2015": 2.292,
        "category": 0,
        "symbolSize": 32.2647276628,
        "CCF_Dir_Shortname": "HCI"
    },
    {
        "id": "IJHCI",
        "name": "IJHCI",
        "fullName": "International Journal of Human-Computer Interaction",
        "Press": "Taylor & Francis",
        "DBLP": "http://dblp.uni-trier.de/db/journals/ijhci/",
        "CCF": "B",
        "CSA": 4,
        "IF_2015": 1.26,
        "category": 0,
        "symbolSize": 26.3407664645,
        "CCF_Dir_Shortname": "HCI"
    },
    {
        "id": "THMS",
        "name": "THMS",
        "fullName": "IEEE Transactions on Human-Machine Systems",
        "Press": "IEEE",
        "DBLP": "http://dblp.uni-trier.de/db/journals/thms/",
        "CCF": "B",
        "CSA": 3,
        "IF_2015": 1.8,
        "category": 0,
        "symbolSize": 29.7798156062,
        "CCF_Dir_Shortname": "HCI"
    },
    {
        "id": "BIT",
        "name": "BIT",
        "fullName": "Behaviour & Information Technology",
        "Press": "Taylor & Francis",
        "DBLP": "http://dblp.uni-trier.de/db/journals/behaviourIT/",
        "CCF": "C",
        "CSA": 4,
        "IF_2015": 1.211,
        "category": 0,
        "symbolSize": 25.9753804391,
        "CCF_Dir_Shortname": "HCI"
    },
    {
        "id": "PMC",
        "name": "PMC",
        "fullName": "Pervasive and Mobile Computing",
        "Press": "Elsevier",
        "DBLP": "http://dblp.uni-trier.de/db/journals/percom/",
        "CCF": "C",
        "CSA": 3,
        "IF_2015": 1.719,
        "category": 0,
        "symbolSize": 29.3204230273,
        "CCF_Dir_Shortname": "HCI"
    },
    {
        "id": "PUC",
        "name": "PUC",
        "fullName": "Personal and Ubiquitous Computing",
        "Press": "Springer",
        "DBLP": "http://dblp.uni-trier.de/db/journals/puc/",
        "CCF": "C",
        "CSA": 3,
        "IF_2015": 1.498,
        "category": 0,
        "symbolSize": 27.9746266743,
        "CCF_Dir_Shortname": "HCI"
    }
]