[
    {
        "id": "TOG",
        "name": "TOG",
        "fullName": "ACM Transactions on Graphics",
        "Press": "ACM",
        "DBLP": "http://dblp.uni-trier.de/db/journals/tog/",
        "CCF": "A",
        "CSA": 1,
        "IF_2015": 4.218,
        "category": 0,
        "symbolSize": 39.0732715755,
        "CCF_Dir_Shortname": "CG"
    },
    {
        "id": "TIP",
        "name": "TIP",
        "fullName": "IEEE Transactions on Image Processing",
        "Press": "IEEE",
        "DBLP": "http://dblp.uni-trier.de/db/journals/tip/",
        "CCF": "A",
        "CSA": 2,
        "IF_2015": 3.735,
        "category": 0,
        "symbolSize": 37.6563057968,
        "CCF_Dir_Shortname": "CG"
    },
    {
        "id": "TVCG",
        "name": "TVCG",
        "fullName": "IEEE Transactions on Visualization and Computer Graphics",
        "Press": "IEEE",
        "DBLP": "http://dblp.uni-trier.de/db/journals/tvcg/",
        "CCF": "A",
        "CSA": 3,
        "IF_2015": 1.4,
        "category": 0,
        "symbolSize": 27.3279649723,
        "CCF_Dir_Shortname": "CG"
    },
    {
        "id": "TOMCCAP",
        "name": "TOMCCAP",
        "fullName": "ACM Transactions on Multimedia Computing,Communications and Application",
        "Press": "ACM",
        "DBLP": "http://dblp.uni-trier.de/db/journals/tomccap/",
        "CCF": "B",
        "CSA": 4,
        "IF_2015": 0.982,
        "category": 0,
        "symbolSize": 24.1015774361,
        "CCF_Dir_Shortname": "CG"
    },
    {
        "id": "CAD",
        "name": "CAD",
        "fullName": "Computer-Aided Design",
        "Press": "Elsevier",
        "DBLP": "http://dblp.uni-trier.de/db/journals/cad/",
        "CCF": "B",
        "CSA": 3,
        "IF_2015": 2.149,
        "category": 0,
        "symbolSize": 31.59015399,
        "CCF_Dir_Shortname": "CG"
    },
    {
        "id": "CAGD",
        "name": "CAGD",
        "fullName": "Computer Aided Geometric Design",
        "Press": "Elsevier",
        "DBLP": "http://dblp.uni-trier.de/db/journals/cagd/",
        "CCF": "B",
        "CSA": 4,
        "IF_2015": 1.092,
        "category": 0,
        "symbolSize": 25.0387179067,
        "CCF_Dir_Shortname": "CG"
    },
    {
        "id": "CGF",
        "name": "CGF",
        "fullName": "Computer Graphics Forum",
        "Press": "Wiley",
        "DBLP": "http://dblp.uni-trier.de/db/journals/cgf/",
        "CCF": "B",
        "CSA": 3,
        "IF_2015": 1.542,
        "category": 0,
        "symbolSize": 28.2543463186,
        "CCF_Dir_Shortname": "CG"
    },
    {
        "id": "GM",
        "name": "GM",
        "fullName": "Graphical Models",
        "Press": "Elsevier",
        "DBLP": "http://dblp.uni-trier.de/db/journals/cvgip/",
        "CCF": "B",
        "CSA": 4,
        "IF_2015": 0.821,
        "category": 0,
        "symbolSize": 22.5769000598,
        "CCF_Dir_Shortname": "CG"
    },
    {
        "id": "TCSVT",
        "name": "TCSVT",
        "fullName": "IEEE Transactions on Circuits and Systems for Video Technology",
        "Press": "IEEE",
        "DBLP": "http://dblp.uni-trier.de/db/journals/tcsv/",
        "CCF": "B",
        "CSA": 2,
        "IF_2015": 2.254,
        "category": 0,
        "symbolSize": 32.0888290217,
        "CCF_Dir_Shortname": "CG"
    },
    {
        "id": "TMM",
        "name": "TMM",
        "fullName": "IEEE Transactions on Multimedia",
        "Press": "IEEE",
        "DBLP": "http://dblp.uni-trier.de/db/journals/tmm/",
        "CCF": "B",
        "CSA": 2,
        "IF_2015": 2.536,
        "category": 0,
        "symbolSize": 33.3415547063,
        "CCF_Dir_Shortname": "CG"
    },
    {
        "id": "JASA",
        "name": "JASA",
        "fullName": "Journal of The Acoustical Society of America",
        "Press": "AIP",
        "DBLP": "http://scitation.aip.org/content/asa/journal/jasa",
        "CCF": "B",
        "CSA": 3,
        "IF_2015": 1.572,
        "category": 0,
        "symbolSize": 28.4415293929,
        "CCF_Dir_Shortname": "CG"
    },
    {
        "id": "SIIMS",
        "name": "SIIMS",
        "fullName": "SIAM Journal on Imaging Sciences",
        "Press": "SIAM",
        "DBLP": "http://dblp.uni-trier.de/db/journals/siamis/",
        "CCF": "B",
        "CSA": 2,
        "IF_2015": 2.687,
        "category": 0,
        "symbolSize": 33.9667489268,
        "CCF_Dir_Shortname": "CG"
    },
    {
        "id": "Speech Com",
        "name": "Speech Com",
        "fullName": "Speech Communication",
        "Press": "Elsevier",
        "DBLP": "http://dblp.uni-trier.de/db/journals/speech/",
        "CCF": "B",
        "CSA": 3,
        "IF_2015": 1.038,
        "category": 0,
        "symbolSize": 24.5880107936,
        "CCF_Dir_Shortname": "CG"
    },
    {
        "id": "CAVW",
        "name": "CAVW",
        "fullName": "Computer Animation and Virtual Worlds",
        "Press": "Wiley",
        "DBLP": "http://onlinelibrary.wiley.com/journal/10.1002/(ISSN)1546-427X",
        "CCF": "C",
        "CSA": 4,
        "IF_2015": 0.548,
        "category": 0,
        "symbolSize": 19.3914140194,
        "CCF_Dir_Shortname": "CG"
    },
    {
        "id": "C&G",
        "name": "C&G",
        "fullName": "Computers & Graphics-UK",
        "Press": "Elsevier",
        "DBLP": "http://dblp.uni-trier.de/db/journals/cg/",
        "CCF": "C",
        "CSA": 4,
        "IF_2015": 1.12,
        "category": 0,
        "symbolSize": 25.2658228959,
        "CCF_Dir_Shortname": "CG"
    },
    {
        "id": "CGTA",
        "name": "CGTA",
        "fullName": "Computational Geometry: Theory and Applications",
        "Press": "Elsevier",
        "DBLP": "http://dblp.uni-trier.de/db/journals/comgeo/",
        "CCF": "C",
        "CSA": 4,
        "IF_2015": 0.589,
        "category": 0,
        "symbolSize": 19.9340884902,
        "CCF_Dir_Shortname": "CG"
    },
    {
        "id": "DCG",
        "name": "DCG",
        "fullName": "Discrete & Computational Geometry",
        "Press": "Springer",
        "DBLP": "http://dblp.uni-trier.de/db/journals/dcg/",
        "CCF": "C",
        "CSA": 3,
        "IF_2015": 0.816,
        "category": 0,
        "symbolSize": 22.5261226322,
        "CCF_Dir_Shortname": "CG"
    },
    {
        "id": "IET-IPR",
        "name": "IET-IPR",
        "fullName": "IET Image Processing",
        "Press": "IET",
        "DBLP": "http://dblp.uni-trier.de/db/journals/iet-ipr/",
        "CCF": "C",
        "CSA": 4,
        "IF_2015": 0.86,
        "category": 0,
        "symbolSize": 22.9653252675,
        "CCF_Dir_Shortname": "CG"
    },
    {
        "id": "ISPL",
        "name": "ISPL",
        "fullName": "IEEE Signal Processing Letter",
        "Press": "IEEE",
        "DBLP": "http://dblp.uni-trier.de/db/journals/spl/",
        "CCF": "C",
        "CSA": 3,
        "IF_2015": 1.661,
        "category": 0,
        "symbolSize": 28.980935923,
        "CCF_Dir_Shortname": "CG"
    },
    {
        "id": "JVCIR",
        "name": "JVCIR",
        "fullName": "Journal of Visual Communication and Image Representation",
        "Press": "Elsevier",
        "DBLP": "http://dblp.uni-trier.de/db/journals/jvcir/",
        "CCF": "C",
        "CSA": 3,
        "IF_2015": 1.53,
        "category": 0,
        "symbolSize": 28.1786800601,
        "CCF_Dir_Shortname": "CG"
    },
    {
        "id": "MS",
        "name": "MS",
        "fullName": "Multimedia Systems",
        "Press": "Springer",
        "DBLP": "http://dblp.uni-trier.de/db/journals/mms/",
        "CCF": "C",
        "CSA": 4,
        "IF_2015": 1.41,
        "category": 0,
        "symbolSize": 27.3955241972,
        "CCF_Dir_Shortname": "CG"
    },
    {
        "id": "MTA",
        "name": "MTA",
        "fullName": "Multimedia Tools and Applications",
        "Press": "Springer",
        "DBLP": "http://dblp.uni-trier.de/db/journals/mta/",
        "CCF": "C",
        "CSA": 4,
        "IF_2015": 1.331,
        "category": 0,
        "symbolSize": 26.8513884137,
        "CCF_Dir_Shortname": "CG"
    },
    {
        "id": "SP",
        "name": "SP",
        "fullName": "Signal Processing",
        "Press": "Elsevier",
        "DBLP": "http://dblp.uni-trier.de/db/journals/sigpro/",
        "CCF": "C",
        "CSA": 2,
        "IF_2015": 2.063,
        "category": 0,
        "symbolSize": 31.1670289173,
        "CCF_Dir_Shortname": "CG"
    },
    {
        "id": "SPIC",
        "name": "SPIC",
        "fullName": "Signal processing : image communication",
        "Press": "Elsevier",
        "DBLP": "http://dblp.uni-trier.de/db/journals/spic/",
        "CCF": "C",
        "CSA": 3,
        "IF_2015": 1.602,
        "category": 0,
        "symbolSize": 28.6259530883,
        "CCF_Dir_Shortname": "CG"
    },
    {
        "id": "TVC",
        "name": "TVC",
        "fullName": "The Visual Computer",
        "Press": "Springer",
        "DBLP": "http://dblp.uni-trier.de/db/journals/vc/",
        "CCF": "C",
        "CSA": 4,
        "IF_2015": 1.06,
        "category": 0,
        "symbolSize": 24.7737177062,
        "CCF_Dir_Shortname": "CG"
    },
    {
        "id": "JoVis",
        "name": "JoVis",
        "fullName": "Journal of visualization",
        "Press": "Springer",
        "DBLP": "http://link.springer.com/journal/12650",
        "CCF": "D",
        "CSA": 4,
        "IF_2015": 0.72,
        "category": 0,
        "symbolSize": 21.5036402364,
        "CCF_Dir_Shortname": "CG"
    },
    {
        "id": "InfoVis",
        "name": "InfoVis",
        "fullName": "Information Visualization",
        "Press": "SAGE",
        "DBLP": "https://us.sagepub.com/en-us/nam/journal/information-visualization#description",
        "CCF": "D",
        "CSA": 4,
        "IF_2015": 0.639,
        "category": 0,
        "symbolSize": 20.5603736309,
        "CCF_Dir_Shortname": "CG"
    }
]