[
    {
        "id": "IANDC",
        "name": "IANDC",
        "fullName": "Information and Computation",
        "Press": "Elsevier",
        "DBLP": "http://dblp.uni-trier.de/db/journals/iandc/",
        "CCF": "A",
        "CSA": 4,
        "IF_2015": 0.873,
        "category": 0,
        "symbolSize": 23.0919012695,
        "CCF_Dir_Shortname": "CST"
    },
    {
        "id": "SICOMP",
        "name": "SICOMP",
        "fullName": "SIAM Journal on Computing",
        "Press": "SIAM",
        "DBLP": "http://dblp.uni-trier.de/db/journals/siamcomp/",
        "CCF": "A",
        "CSA": 4,
        "IF_2015": 0.841,
        "category": 0,
        "symbolSize": 22.7777562069,
        "CCF_Dir_Shortname": "CST"
    },
    {
        "id": "TIT",
        "name": "TIT",
        "fullName": "IEEE Transactions on Information Theory",
        "Press": "IEEE",
        "DBLP": "http://dblp.uni-trier.de/db/journals/tit/",
        "CCF": "A",
        "CSA": 2,
        "IF_2015": 1.737,
        "category": 0,
        "symbolSize": 29.4239557701,
        "CCF_Dir_Shortname": "CST"
    },
    {
        "id": "TALG",
        "name": "TALG",
        "fullName": "ACM Transactions on Algorithms",
        "Press": "ACM",
        "DBLP": "http://dblp.uni-trier.de/db/journals/talg/",
        "CCF": "B",
        "CSA": 4,
        "IF_2015": 0.776,
        "category": 0,
        "symbolSize": 22.1114239348,
        "CCF_Dir_Shortname": "CST"
    },
    {
        "id": "TOCL",
        "name": "TOCL",
        "fullName": "ACM Transactions on Computational Logic",
        "Press": "ACM",
        "DBLP": "http://dblp.uni-trier.de/db/journals/tocl/",
        "CCF": "B",
        "CSA": 4,
        "IF_2015": 0.855,
        "category": 0,
        "symbolSize": 22.9162647034,
        "CCF_Dir_Shortname": "CST"
    },
    {
        "id": "TOMS",
        "name": "TOMS",
        "fullName": "ACM Transactions on Mathematical Software",
        "Press": "ACM",
        "DBLP": "http://dblp.uni-trier.de/db/journals/toms/",
        "CCF": "B",
        "CSA": 2,
        "IF_2015": 1.879,
        "category": 0,
        "symbolSize": 30.2124619257,
        "CCF_Dir_Shortname": "CST"
    },
    {
        "id": "Algorithmica",
        "name": "Algorithmica",
        "fullName": "Algorithmica",
        "Press": "Springer",
        "DBLP": "http://dblp.uni-trier.de/db/journals/algorithmica/",
        "CCF": "B",
        "CSA": 4,
        "IF_2015": 0.795,
        "category": 0,
        "symbolSize": 22.3103191006,
        "CCF_Dir_Shortname": "CST"
    },
    {
        "id": "CC",
        "name": "CC",
        "fullName": "Computational complexity",
        "Press": "Springer",
        "DBLP": "http://dblp.uni-trier.de/db/journals/cc/",
        "CCF": "B",
        "CSA": 4,
        "IF_2015": 0.342,
        "category": 0,
        "symbolSize": 16.1162067585,
        "CCF_Dir_Shortname": "CST"
    },
    {
        "id": "FAC",
        "name": "FAC",
        "fullName": "Formal Aspects of Computing",
        "Press": "Springer",
        "DBLP": "http://dblp.uni-trier.de/db/journals/fac/",
        "CCF": "B",
        "CSA": 4,
        "IF_2015": 0.521,
        "category": 0,
        "symbolSize": 19.0180259596,
        "CCF_Dir_Shortname": "CST"
    },
    {
        "id": "FMSD",
        "name": "FMSD",
        "fullName": "Formal Methods in System Design",
        "Press": "Springer",
        "DBLP": "http://dblp.uni-trier.de/db/journals/fmsd/",
        "CCF": "B",
        "CSA": 4,
        "IF_2015": 1.132,
        "category": 0,
        "symbolSize": 25.3618396482,
        "CCF_Dir_Shortname": "CST"
    },
    {
        "id": "INFORMS",
        "name": "INFORMS",
        "fullName": "INFORMS Journal on Computing",
        "Press": "INFORMS",
        "DBLP": "http://dblp.uni-trier.de/db/journals/informs/",
        "CCF": "B",
        "CSA": 4,
        "IF_2015": 1.246,
        "category": 0,
        "symbolSize": 26.2374937288,
        "CCF_Dir_Shortname": "CST"
    },
    {
        "id": "JCSS",
        "name": "JCSS",
        "fullName": "Journal of Computer and System Sciences",
        "Press": "Elsevier",
        "DBLP": "http://dblp.uni-trier.de/db/journals/jcss/",
        "CCF": "B",
        "CSA": 4,
        "IF_2015": 1.583,
        "category": 0,
        "symbolSize": 28.5094670987,
        "CCF_Dir_Shortname": "CST"
    },
    {
        "id": "JGO",
        "name": "JGO",
        "fullName": "Journal of Global Optimization",
        "Press": "Springer",
        "DBLP": "http://dblp.uni-trier.de/db/journals/jgo/",
        "CCF": "B",
        "CSA": 2,
        "IF_2015": 1.219,
        "category": 0,
        "symbolSize": 26.0357964893,
        "CCF_Dir_Shortname": "CST"
    },
    {
        "id": "JSC",
        "name": "JSC",
        "fullName": "Journal of Symbolic Computation",
        "Press": "Elsevier",
        "DBLP": "http://dblp.uni-trier.de/db/journals/jsc/",
        "CCF": "B",
        "CSA": 4,
        "IF_2015": 1.03,
        "category": 0,
        "symbolSize": 24.5197464648,
        "CCF_Dir_Shortname": "CST"
    },
    {
        "id": "MSCS",
        "name": "MSCS",
        "fullName": "Mathematical Structures in Computer Science",
        "Press": "Cambridge University Press",
        "DBLP": "http://dblp.uni-trier.de/db/journals/mscs/",
        "CCF": "B",
        "CSA": 4,
        "IF_2015": 0.758,
        "category": 0,
        "symbolSize": 21.9196711055,
        "CCF_Dir_Shortname": "CST"
    },
    {
        "id": "TCS",
        "name": "TCS",
        "fullName": "Theoretical Computer Science",
        "Press": "Elsevier",
        "DBLP": "http://dblp.uni-trier.de/db/journals/tcs/",
        "CCF": "B",
        "CSA": 4,
        "IF_2015": 0.643,
        "category": 0,
        "symbolSize": 20.6089300489,
        "CCF_Dir_Shortname": "CST"
    },
    {
        "id": "APAL",
        "name": "APAL",
        "fullName": "Annals of Pure and Applied Logic",
        "Press": "Elsevier",
        "DBLP": "http://dblp.uni-trier.de/db/journals/apal/",
        "CCF": "C",
        "CSA": 4,
        "IF_2015": 0.582,
        "category": 0,
        "symbolSize": 19.8433927824,
        "CCF_Dir_Shortname": "CST"
    },
    {
        "id": "ACTA",
        "name": "ACTA",
        "fullName": "Acta Informatica",
        "Press": "Springer",
        "DBLP": "http://dblp.uni-trier.de/db/journals/acta/",
        "CCF": "C",
        "CSA": 4,
        "IF_2015": 0.722,
        "category": 0,
        "symbolSize": 21.5259315747,
        "CCF_Dir_Shortname": "CST"
    },
    {
        "id": "DAM",
        "name": "DAM",
        "fullName": "Discrete Applied Mathematics",
        "Press": "Elsevier",
        "DBLP": "http://dblp.uni-trier.de/db/journals/dam/",
        "CCF": "C",
        "CSA": 4,
        "IF_2015": 0.722,
        "category": 0,
        "symbolSize": 21.5259315747,
        "CCF_Dir_Shortname": "CST"
    },
    {
        "id": "FUIN",
        "name": "FUIN",
        "fullName": "Fundamenta Informaticae",
        "Press": "IOS Press",
        "DBLP": "http://dblp.uni-trier.de/db/journals/fuin/",
        "CCF": "C",
        "CSA": 4,
        "IF_2015": 0.658,
        "category": 0,
        "symbolSize": 20.7890950722,
        "CCF_Dir_Shortname": "CST"
    },
    {
        "id": "LISP",
        "name": "LISP",
        "fullName": "Higher-Order and Symbolic Computation",
        "Press": "Springer",
        "DBLP": "http://dblp.uni-trier.de/db/journals/lisp/",
        "CCF": "C",
        "CSA": 5,
        "IF_2015": 0.0,
        "category": 0,
        "symbolSize": 0.0,
        "CCF_Dir_Shortname": "CST"
    },
    {
        "id": "IPL",
        "name": "IPL",
        "fullName": "Information Processing Letters",
        "Press": "Elsevier",
        "DBLP": "http://dblp.uni-trier.de/db/journals/ipl/",
        "CCF": "C",
        "CSA": 4,
        "IF_2015": 0.605,
        "category": 0,
        "symbolSize": 20.138526293,
        "CCF_Dir_Shortname": "CST"
    },
    {
        "id": "JCOMPLEXITY",
        "name": "JCOMPLEXITY",
        "fullName": "Journal of Complexity",
        "Press": "Elsevier",
        "DBLP": "http://dblp.uni-trier.de/db/journals/jc/",
        "CCF": "C",
        "CSA": 3,
        "IF_2015": 1.358,
        "category": 0,
        "symbolSize": 27.0400886673,
        "CCF_Dir_Shortname": "CST"
    },
    {
        "id": "LOGCOM",
        "name": "LOGCOM",
        "fullName": "Journal of Logic and Computation",
        "Press": "Oxford University",
        "DBLP": "http://dblp.uni-trier.de/db/journals/logcom/",
        "CCF": "C",
        "CSA": 4,
        "IF_2015": 0.585,
        "category": 0,
        "symbolSize": 19.882357581,
        "CCF_Dir_Shortname": "CST"
    },
    {
        "id": "JSL",
        "name": "JSL",
        "fullName": "Journal of Symbolic Logic",
        "Press": "Association for Symbolic Logic",
        "DBLP": "http://dblp.uni-trier.de/db/journals/jsyml/",
        "CCF": "C",
        "CSA": 4,
        "IF_2015": 0.51,
        "category": 0,
        "symbolSize": 18.8619604457,
        "CCF_Dir_Shortname": "CST"
    },
    {
        "id": "LMCS",
        "name": "LMCS",
        "fullName": "Logical Methods in Computer Science",
        "Press": "LMCS",
        "DBLP": "http://dblp.uni-trier.de/db/journals/lmcs/",
        "CCF": "C",
        "CSA": 4,
        "IF_2015": 0.569,
        "category": 0,
        "symbolSize": 19.6728637995,
        "CCF_Dir_Shortname": "CST"
    },
    {
        "id": "SIDMA",
        "name": "SIDMA",
        "fullName": "SIAM Journal on Discrete Mathematics",
        "Press": "SIAM",
        "DBLP": "http://dblp.uni-trier.de/db/journals/siamdm/",
        "CCF": "C",
        "CSA": 4,
        "IF_2015": 0.793,
        "category": 0,
        "symbolSize": 22.2895484037,
        "CCF_Dir_Shortname": "CST"
    },
    {
        "id": "TCS",
        "name": "TCS",
        "fullName": "Theory of Computing Systems",
        "Press": "Springer",
        "DBLP": "http://dblp.uni-trier.de/db/journals/mst/",
        "CCF": "C",
        "CSA": 4,
        "IF_2015": 0.719,
        "category": 0,
        "symbolSize": 21.4924776235,
        "CCF_Dir_Shortname": "CST"
    }
]