[
    {
        "id": "TOPLAS",
        "name": "TOPLAS",
        "fullName": "ACM Transactions on Programming Languages & Systems",
        "Press": "ACM",
        "DBLP": "http://dblp.uni-trier.de/db/journals/toplas/",
        "CCF": "A",
        "CSA": 4,
        "IF_2015": 1.148,
        "category": 0,
        "symbolSize": 25.4886693477,
        "CCF_Dir_Shortname": "SE"
    },
    {
        "id": "TOSEM",
        "name": "TOSEM",
        "fullName": "ACM Transactions on Software Engineering Methodology",
        "Press": "ACM",
        "DBLP": "http://dblp.uni-trier.de/db/journals/tosem/",
        "CCF": "A",
        "CSA": 3,
        "IF_2015": 1.513,
        "category": 0,
        "symbolSize": 28.070693486,
        "CCF_Dir_Shortname": "SE"
    },
    {
        "id": "TSE",
        "name": "TSE",
        "fullName": "IEEE Transactions on Software Engineering",
        "Press": "IEEE",
        "DBLP": "http://dblp.uni-trier.de/db/journals/tse/",
        "CCF": "A",
        "CSA": 3,
        "IF_2015": 1.516,
        "category": 0,
        "symbolSize": 28.0898181265,
        "CCF_Dir_Shortname": "SE"
    },
    {
        "id": "ASE",
        "name": "ASE",
        "fullName": "Automated Software Engineering",
        "Press": "Springer",
        "DBLP": "http://dblp.uni-trier.de/db/journals/ase/",
        "CCF": "B",
        "CSA": 3,
        "IF_2015": 1.312,
        "category": 0,
        "symbolSize": 26.7168295543,
        "CCF_Dir_Shortname": "SE"
    },
    {
        "id": "ESE",
        "name": "ESE",
        "fullName": "Empirical Software Engineering",
        "Press": "Springer",
        "DBLP": "http://dblp.uni-trier.de/db/journals/ese/",
        "CCF": "B",
        "CSA": 3,
        "IF_2015": 1.393,
        "category": 0,
        "symbolSize": 27.2804518018,
        "CCF_Dir_Shortname": "SE"
    },
    {
        "id": "TSC",
        "name": "TSC",
        "fullName": "IEEE Transactions on Service Computing",
        "Press": "IEEE",
        "DBLP": "http://dblp.uni-trier.de/db/journals/tsc/",
        "CCF": "B",
        "CSA": 2,
        "IF_2015": 2.365,
        "category": 0,
        "symbolSize": 32.5961822253,
        "CCF_Dir_Shortname": "SE"
    },
    {
        "id": "IETS",
        "name": "IETS",
        "fullName": "IET Software",
        "Press": "IET",
        "DBLP": "http://dblp.uni-trier.de/db/journals/iee/index.html",
        "CCF": "B",
        "CSA": 4,
        "IF_2015": 0.473,
        "category": 0,
        "symbolSize": 18.3188688906,
        "CCF_Dir_Shortname": "SE"
    },
    {
        "id": "IST",
        "name": "IST",
        "fullName": "Information and Software Technology",
        "Press": "Elsevier",
        "DBLP": "http://dblp.uni-trier.de/db/journals/infsof/index.html",
        "CCF": "B",
        "CSA": 3,
        "IF_2015": 1.569,
        "category": 0,
        "symbolSize": 28.4229367356,
        "CCF_Dir_Shortname": "SE"
    },
    {
        "id": "JFP",
        "name": "JFP",
        "fullName": "Journal of Functional Programming",
        "Press": "Cambridge University Press",
        "DBLP": "http://dblp.uni-trier.de/db/journals/jfp/",
        "CCF": "B",
        "CSA": 4,
        "IF_2015": 1.357,
        "category": 0,
        "symbolSize": 27.0331514298,
        "CCF_Dir_Shortname": "SE"
    },
    {
        "id": "JSEP",
        "name": "JSEP",
        "fullName": "Journal of Software: Evolution and Process",
        "Press": "Wiley",
        "DBLP": "http://dblp.uni-trier.de/db/journals/smr/",
        "CCF": "B",
        "CSA": 4,
        "IF_2015": 0.729,
        "category": 0,
        "symbolSize": 21.6035981275,
        "CCF_Dir_Shortname": "SE"
    },
    {
        "id": "JSS",
        "name": "JSS",
        "fullName": "Journal of Systems and Software",
        "Press": "Elsevier",
        "DBLP": "http://dblp.uni-trier.de/db/journals/jss/",
        "CCF": "B",
        "CSA": 3,
        "IF_2015": 1.424,
        "category": 0,
        "symbolSize": 27.4894888207,
        "CCF_Dir_Shortname": "SE"
    },
    {
        "id": "RE",
        "name": "RE",
        "fullName": "Requirements Engineering",
        "Press": "Springer",
        "DBLP": "http://dblp.uni-trier.de/db/journals/re/",
        "CCF": "B",
        "CSA": 4,
        "IF_2015": 1.105,
        "category": 0,
        "symbolSize": 25.1447005617,
        "CCF_Dir_Shortname": "SE"
    },
    {
        "id": "SCP",
        "name": "SCP",
        "fullName": "Science of Computer Programming",
        "Press": "Elsevier",
        "DBLP": "http://dblp.uni-trier.de/db/journals/scp/",
        "CCF": "B",
        "CSA": 4,
        "IF_2015": 0.828,
        "category": 0,
        "symbolSize": 22.6476065806,
        "CCF_Dir_Shortname": "SE"
    },
    {
        "id": "SoSyM",
        "name": "SoSyM",
        "fullName": "Software and System Modeling",
        "Press": "Springer",
        "DBLP": "http://dblp.uni-trier.de/db/journals/sosym/",
        "CCF": "B",
        "CSA": 4,
        "IF_2015": 0.99,
        "category": 0,
        "symbolSize": 24.1723213596,
        "CCF_Dir_Shortname": "SE"
    },
    {
        "id": "SPE",
        "name": "SPE",
        "fullName": "Software: Practice and Experience",
        "Press": "Wiley",
        "DBLP": "http://dblp.uni-trier.de/db/journals/spe/",
        "CCF": "B",
        "CSA": 4,
        "IF_2015": 0.652,
        "category": 0,
        "symbolSize": 20.7173891713,
        "CCF_Dir_Shortname": "SE"
    },
    {
        "id": "STVR",
        "name": "STVR",
        "fullName": "Software Testing, Verification and Reliability",
        "Press": "Wiley",
        "DBLP": "http://dblp.uni-trier.de/db/journals/stvr/index.html",
        "CCF": "B",
        "CSA": 4,
        "IF_2015": 1.082,
        "category": 0,
        "symbolSize": 24.9565422112,
        "CCF_Dir_Shortname": "SE"
    },
    {
        "id": "CL",
        "name": "CL",
        "fullName": "Computer Languages, Systems and Structures",
        "Press": "Elsevier",
        "DBLP": "http://dblp.uni-trier.de/db/journals/cl/index.html",
        "CCF": "C",
        "CSA": 4,
        "IF_2015": 0.556,
        "category": 0,
        "symbolSize": 19.4995259785,
        "CCF_Dir_Shortname": "SE"
    },
    {
        "id": "IJSEKE",
        "name": "IJSEKE",
        "fullName": "International Journal on Software Engineering and Knowledge Engineering",
        "Press": "World Scientific",
        "DBLP": "http://dblp.uni-trier.de/db/journals/ijseke/index.html",
        "CCF": "C",
        "CSA": 4,
        "IF_2015": 0.24,
        "category": 0,
        "symbolSize": 13.9547669349,
        "CCF_Dir_Shortname": "SE"
    },
    {
        "id": "STTT",
        "name": "STTT",
        "fullName": "International Journal on Software Tools for Technology Transfer",
        "Press": "Springer",
        "DBLP": "http://dblp.uni-trier.de/db/journals/sttt/",
        "CCF": "C",
        "CSA": 5,
        "IF_2015": 0.0,
        "category": 0,
        "symbolSize": 0.0,
        "CCF_Dir_Shortname": "SE"
    },
    {
        "id": "JLAP",
        "name": "JLAP",
        "fullName": "Journal of Logic and Algebraic Programming",
        "Press": "Elsevier",
        "DBLP": "http://dblp.uni-trier.de/db/journals/jlp/jlap.html",
        "CCF": "C",
        "CSA": 5,
        "IF_2015": 0.0,
        "category": 0,
        "symbolSize": 0.0,
        "CCF_Dir_Shortname": "SE"
    },
    {
        "id": "JWE",
        "name": "JWE",
        "fullName": "Journal of Web Engineering",
        "Press": "Rinton Press",
        "DBLP": "http://dblp.uni-trier.de/db/journals/jwe/",
        "CCF": "C",
        "CSA": 4,
        "IF_2015": 0.622,
        "category": 0,
        "symbolSize": 20.3515268658,
        "CCF_Dir_Shortname": "SE"
    },
    {
        "id": "SOCA",
        "name": "SOCA",
        "fullName": "Service Oriented Computing and Applications",
        "Press": "Springer",
        "DBLP": "http://dblp.uni-trier.de/db/journals/soca/",
        "CCF": "C",
        "CSA": 5,
        "IF_2015": 0.0,
        "category": 0,
        "symbolSize": 0.0,
        "CCF_Dir_Shortname": "SE"
    },
    {
        "id": "SQJ",
        "name": "SQJ",
        "fullName": "Software Quality Journal",
        "Press": "Springer",
        "DBLP": "http://dblp.uni-trier.de/db/journals/sqj/",
        "CCF": "C",
        "CSA": 4,
        "IF_2015": 0.787,
        "category": 0,
        "symbolSize": 22.2270042708,
        "CCF_Dir_Shortname": "SE"
    },
    {
        "id": "TPLP",
        "name": "TPLP",
        "fullName": "Theory and Practice of Logic Programming",
        "Press": "Cambridge University Press",
        "DBLP": "http://dblp.uni-trier.de/db/journals/tplp/",
        "CCF": "C",
        "CSA": 4,
        "IF_2015": 0.952,
        "category": 0,
        "symbolSize": 23.8323831414,
        "CCF_Dir_Shortname": "SE"
    }
]