[
    {
        "id": "Proc. IEEE",
        "name": "Proc. IEEE",
        "fullName": "Proceedings of the IEEE",
        "Press": "IEEE",
        "DBLP": "http://dblp.uni-trier.de/db/journals/pieee/",
        "CCF": "A",
        "CSA": 1,
        "IF_2015": 5.629,
        "category": 0,
        "symbolSize": 42.5484339281,
        "CCF_Dir_Shortname": "Other"
    },
    {
        "id": "JACM",
        "name": "JACM",
        "fullName": "Journal of the ACM",
        "Press": "ACM",
        "DBLP": "http://dblp.uni-trier.de/db/journals/jacm/",
        "CCF": "A",
        "CSA": 3,
        "IF_2015": 1.803,
        "category": 0,
        "symbolSize": 29.7965156772,
        "CCF_Dir_Shortname": "Other"
    },
    {
        "id": "BioInfo",
        "name": "BioInfo",
        "fullName": "Bioinformatics",
        "Press": "Oxford University Press",
        "DBLP": "http://dblp.uni-trier.de/db/journals/bioinformatics/",
        "CCF": "B",
        "CSA": 2,
        "IF_2015": 5.766,
        "category": 0,
        "symbolSize": 42.8450020411,
        "CCF_Dir_Shortname": "Other"
    },
    {
        "id": "BB",
        "name": "BB",
        "fullName": "Briefings in Bioinformatics",
        "Press": "Oxford University Press",
        "DBLP": "http://dblp.uni-trier.de/db/journals/bib/",
        "CCF": "B",
        "CSA": 1,
        "IF_2015": 8.399,
        "category": 0,
        "symbolSize": 47.6171493121,
        "CCF_Dir_Shortname": "Other"
    },
    {
        "id": "Cognition",
        "name": "Cognition",
        "fullName": "Cognition:International Journal of Cognitive Science",
        "Press": "Elsevier",
        "DBLP": "http://www.journals.elsevier.com/cognition/",
        "CCF": "B",
        "CSA": 5,
        "IF_2015": 0.0,
        "category": 0,
        "symbolSize": 0.0,
        "CCF_Dir_Shortname": "Other"
    },
    {
        "id": "PLOSCB",
        "name": "PLOSCB",
        "fullName": "PLOS Computational Biology",
        "Press": "Public Library of Science",
        "DBLP": "http://dblp.uni-trier.de/db/journals/ploscb/",
        "CCF": "B",
        "CSA": 2,
        "IF_2015": 4.587,
        "category": 0,
        "symbolSize": 40.0670568991,
        "CCF_Dir_Shortname": "Other"
    },
    {
        "id": "TMI",
        "name": "TMI",
        "fullName": "IEEE Transactions on Medical Imaging",
        "Press": "IEEE",
        "DBLP": "http://dblp.uni-trier.de/db/journals/tmi/",
        "CCF": "B",
        "CSA": 2,
        "IF_2015": 3.756,
        "category": 0,
        "symbolSize": 37.7209971782,
        "CCF_Dir_Shortname": "Other"
    },
    {
        "id": "TGARS",
        "name": "TGARS",
        "fullName": "IEEE Transactions on Geoscience and Remote Sensing",
        "Press": "IEEE",
        "DBLP": "http://dblp.uni-trier.de/db/journals/tgrs/",
        "CCF": "B",
        "CSA": 2,
        "IF_2015": 3.36,
        "category": 0,
        "symbolSize": 36.4471417938,
        "CCF_Dir_Shortname": "Other"
    },
    {
        "id": "TITS",
        "name": "TITS",
        "fullName": "IEEE Transactions on Intelligent Transportation Systems",
        "Press": "IEEE",
        "DBLP": "http://dblp.uni-trier.de/db/journals/tits/",
        "CCF": "B",
        "CSA": 2,
        "IF_2015": 2.534,
        "category": 0,
        "symbolSize": 33.3330743153,
        "CCF_Dir_Shortname": "Other"
    },
    {
        "id": "TR",
        "name": "TR",
        "fullName": "IEEE Transactions on Robotics",
        "Press": "IEEE",
        "DBLP": "http://dblp.uni-trier.de/db/journals/trob/",
        "CCF": "B",
        "CSA": 2,
        "IF_2015": 2.028,
        "category": 0,
        "symbolSize": 30.9908029847,
        "CCF_Dir_Shortname": "Other"
    },
    {
        "id": "TASAE",
        "name": "TASAE",
        "fullName": "IEEE Transactions on Automation Science and Engineering",
        "Press": "IEEE",
        "DBLP": "http://dblp.uni-trier.de/db/journals/tase/",
        "CCF": "B",
        "CSA": 2,
        "IF_2015": 2.696,
        "category": 0,
        "symbolSize": 34.003105627,
        "CCF_Dir_Shortname": "Other"
    },
    {
        "id": "JCST",
        "name": "JCST",
        "fullName": "Journal of Computer Science and Technology",
        "Press": "Spinger",
        "DBLP": "http://dblp.uni-trier.de/db/journals/jcst/",
        "CCF": "B",
        "CSA": 4,
        "IF_2015": 0.475,
        "category": 0,
        "symbolSize": 18.3489770495,
        "CCF_Dir_Shortname": "Other"
    },
    {
        "id": "JAMIA",
        "name": "JAMIA",
        "fullName": "Journal of the American Medical Informatics Association",
        "Press": "BMJ Journals",
        "DBLP": "http://dblp.uni-trier.de/db/journals/jamia/",
        "CCF": "B",
        "CSA": 2,
        "IF_2015": 3.428,
        "category": 0,
        "symbolSize": 36.6744078136,
        "CCF_Dir_Shortname": "Other"
    },
    {
        "id": "SCIS",
        "name": "SCIS",
        "fullName": "Science China Information Sciences",
        "Press": "Springer",
        "DBLP": "http://dblp.uni-trier.de/db/journals/chinaf/",
        "CCF": "B",
        "CSA": 4,
        "IF_2015": 0.885,
        "category": 0,
        "symbolSize": 23.2075061281,
        "CCF_Dir_Shortname": "Other"
    },
    {
        "id": "CompJ",
        "name": "CompJ",
        "fullName": "The Computer Journal",
        "Press": "Oxford University Press",
        "DBLP": "http://dblp.uni-trier.de/db/journals/cj/",
        "CCF": "B",
        "CSA": 4,
        "IF_2015": 1.0,
        "category": 0,
        "symbolSize": 24.2601513196,
        "CCF_Dir_Shortname": "Other"
    },
    {
        "id": "WWW",
        "name": "WWW",
        "fullName": "World Wide Web Journal",
        "Press": "Springer",
        "DBLP": "http://dblp.uni-trier.de/db/journals/wwwj/",
        "CCF": "B",
        "CSA": 3,
        "IF_2015": 1.539,
        "category": 0,
        "symbolSize": 28.2354727522,
        "CCF_Dir_Shortname": "Other"
    },
    {
        "id": "BMCBio",
        "name": "BMCBio",
        "fullName": "BMC Bioinformatics",
        "Press": "BioMed Central",
        "DBLP": "http://dblp.uni-trier.de/db/journals/bmcbi/",
        "CCF": "C",
        "CSA": 3,
        "IF_2015": 2.435,
        "category": 0,
        "symbolSize": 32.9063874434,
        "CCF_Dir_Shortname": "Other"
    },
    {
        "id": "CyberS",
        "name": "CyberS",
        "fullName": "Cybernetics and Systems",
        "Press": "Taylor & Francis",
        "DBLP": "http://dblp.uni-trier.de/db/journals/cas/",
        "CCF": "C",
        "CSA": 4,
        "IF_2015": 0.88,
        "category": 0,
        "symbolSize": 23.1594796517,
        "CCF_Dir_Shortname": "Other"
    },
    {
        "id": "GRSL",
        "name": "GRSL",
        "fullName": "IEEE Geoscience and Remote Sensing Letters",
        "Press": "IEEE",
        "DBLP": "http://dblp.uni-trier.de/db/journals/lgrs/",
        "CCF": "C",
        "CSA": 3,
        "IF_2015": 2.228,
        "category": 0,
        "symbolSize": 31.9671051357,
        "CCF_Dir_Shortname": "Other"
    },
    {
        "id": "TITB",
        "name": "TITB",
        "fullName": "IEEE Transactions on Information Technology in Biomedicine",
        "Press": "IEEE",
        "DBLP": "http://dblp.uni-trier.de/db/journals/titb/",
        "CCF": "C",
        "CSA": 5,
        "IF_2015": 2.439,
        "category": 0,
        "symbolSize": 32.9238958092,
        "CCF_Dir_Shortname": "Other"
    },
    {
        "id": "TCBB",
        "name": "TCBB",
        "fullName": "IEEE-ACM Transactions on Computational Biology and Bioinformatics",
        "Press": "IEEE/ACM",
        "DBLP": "http://dblp.uni-trier.de/db/journals/tcbb/",
        "CCF": "C",
        "CSA": 3,
        "IF_2015": 1.609,
        "category": 0,
        "symbolSize": 28.6685976758,
        "CCF_Dir_Shortname": "Other"
    },
    {
        "id": "IETITS",
        "name": "IETITS",
        "fullName": "IET Intelligent Transport Systems",
        "Press": "IET",
        "DBLP": "http://digital-library.theiet.org/content/journals/iet-its",
        "CCF": "C",
        "CSA": 4,
        "IF_2015": 0.843,
        "category": 0,
        "symbolSize": 22.7976470338,
        "CCF_Dir_Shortname": "Other"
    },
    {
        "id": "MIA",
        "name": "MIA",
        "fullName": "Medical Image Analysis",
        "Press": "Elsevier",
        "DBLP": "http://dblp.uni-trier.de/db/journals/mia/",
        "CCF": "C",
        "CSA": 2,
        "IF_2015": 4.565,
        "category": 0,
        "symbolSize": 40.0097238456,
        "CCF_Dir_Shortname": "Other"
    },
    {
        "id": "FCS",
        "name": "FCS",
        "fullName": "Frontiers of Computer Science",
        "Press": "Speinger",
        "DBLP": "http://dblp.uni-trier.de/db/journals/fcsc/",
        "CCF": "C",
        "CSA": 4,
        "IF_2015": 0.66,
        "category": 0,
        "symbolSize": 20.8128918481,
        "CCF_Dir_Shortname": "Other"
    }
]