[
    {
        "id": "TDSC",
        "name": "TDSC",
        "fullName": "IEEE Transactions on Dependable and Secure Computing",
        "Press": "IEEE",
        "DBLP": "http://dblp.uni-trier.de/db/journals/tdsc/",
        "CCF": "A",
        "CSA": 3,
        "IF_2015": 1.592,
        "category": 0,
        "symbolSize": 28.5647796445,
        "CCF_Dir_Shortname": "IS"
    },
    {
        "id": "TIFS",
        "name": "TIFS",
        "fullName": "IEEE Transactions on Information Forensics and Security",
        "Press": "IEEE",
        "DBLP": "http://dblp.uni-trier.de/db/journals/tifs/",
        "CCF": "A",
        "CSA": 2,
        "IF_2015": 2.441,
        "category": 0,
        "symbolSize": 32.9326413276,
        "CCF_Dir_Shortname": "IS"
    },
    {
        "id": "JoC",
        "name": "JoC",
        "fullName": "Journal of Cryptology",
        "Press": "Springer",
        "DBLP": "http://dblp.uni-trier.de/db/journals/joc/",
        "CCF": "A",
        "CSA": 4,
        "IF_2015": 1.617,
        "category": 0,
        "symbolSize": 28.7171576059,
        "CCF_Dir_Shortname": "IS"
    },
    {
        "id": "TISSEC",
        "name": "TISSEC",
        "fullName": "ACM Transactions on Information and System Security",
        "Press": "ACM",
        "DBLP": "http://dblp.uni-trier.de/db/journals/tissec/",
        "CCF": "B",
        "CSA": 4,
        "IF_2015": 0.759,
        "category": 0,
        "symbolSize": 21.9304111306,
        "CCF_Dir_Shortname": "IS"
    },
    {
        "id": "C&S",
        "name": "C&S",
        "fullName": "Computers & Security",
        "Press": "Elsevier",
        "DBLP": "http://dblp.uni-trier.de/db/journals/compsec/",
        "CCF": "B",
        "CSA": 3,
        "IF_2015": 1.64,
        "category": 0,
        "symbolSize": 28.8557311467,
        "CCF_Dir_Shortname": "IS"
    },
    {
        "id": "DCC",
        "name": "DCC",
        "fullName": "Designs, Codes and Cryptography",
        "Press": "Springer",
        "DBLP": "http://dblp.uni-trier.de/db/journals/dcc/",
        "CCF": "B",
        "CSA": 4,
        "IF_2015": 0.781,
        "category": 0,
        "symbolSize": 22.1641086576,
        "CCF_Dir_Shortname": "IS"
    },
    {
        "id": "JCS",
        "name": "JCS",
        "fullName": "Journal of Computer Security",
        "Press": "IOS Press",
        "DBLP": "http://dblp.uni-trier.de/db/journals/jcs/",
        "CCF": "B",
        "CSA": 5,
        "IF_2015": 0.0,
        "category": 0,
        "symbolSize": 0.0,
        "CCF_Dir_Shortname": "IS"
    },
    {
        "id": "CLSR",
        "name": "CLSR",
        "fullName": "Computer Law and Security Reports",
        "Press": "Elsevier",
        "DBLP": "http://www.journals.elsevier.com/computer-law-and-security-review/",
        "CCF": "C",
        "CSA": 5,
        "IF_2015": 0.0,
        "category": 0,
        "symbolSize": 0.0,
        "CCF_Dir_Shortname": "IS"
    },
    {
        "id": "EJIS",
        "name": "EJIS",
        "fullName": "EURASIP Journal on Information Security",
        "Press": "Springer",
        "DBLP": "http://dblp.uni-trier.de/db/journals/ejisec/",
        "CCF": "C",
        "CSA": 5,
        "IF_2015": 0.0,
        "category": 0,
        "symbolSize": 0.0,
        "CCF_Dir_Shortname": "IS"
    },
    {
        "id": "IETIS",
        "name": "IETIS",
        "fullName": "IET Information Security",
        "Press": "IET",
        "DBLP": "http://dblp.uni-trier.de/db/journals/iet-ifs/",
        "CCF": "C",
        "CSA": 4,
        "IF_2015": 1.013,
        "category": 0,
        "symbolSize": 24.3733507594,
        "CCF_Dir_Shortname": "IS"
    },
    {
        "id": "IMCS",
        "name": "IMCS",
        "fullName": "Information Management & Computer Security",
        "Press": "Emerald",
        "DBLP": "http://dblp.uni-trier.de/db/journals/imcs/",
        "CCF": "C",
        "CSA": 5,
        "IF_2015": 0.0,
        "category": 0,
        "symbolSize": 0.0,
        "CCF_Dir_Shortname": "IS"
    },
    {
        "id": "ISTR",
        "name": "ISTR",
        "fullName": "Information Security Technical Report",
        "Press": "Elsevier",
        "DBLP": "http://dblp.uni-trier.de/db/journals/istr/",
        "CCF": "C",
        "CSA": 5,
        "IF_2015": 0.0,
        "category": 0,
        "symbolSize": 0.0,
        "CCF_Dir_Shortname": "IS"
    },
    {
        "id": "IJISP",
        "name": "IJISP",
        "fullName": "International Journal of Information Security and Privacy",
        "Press": "Idea Group Inc",
        "DBLP": "http://dblp.uni-trier.de/db/journals/ijisp/",
        "CCF": "C",
        "CSA": 5,
        "IF_2015": 0.0,
        "category": 0,
        "symbolSize": 0.0,
        "CCF_Dir_Shortname": "IS"
    },
    {
        "id": "IJICS",
        "name": "IJICS",
        "fullName": "International Journal of Information and Computer Security",
        "Press": "Inderscience",
        "DBLP": "http://dblp.uni-trier.de/db/journals/ijics/",
        "CCF": "C",
        "CSA": 5,
        "IF_2015": 0.0,
        "category": 0,
        "symbolSize": 0.0,
        "CCF_Dir_Shortname": "IS"
    },
    {
        "id": "SCN",
        "name": "SCN",
        "fullName": "Security and Communication Networks",
        "Press": "Wiley",
        "DBLP": "http://dblp.uni-trier.de/db/journals/scn/",
        "CCF": "C",
        "CSA": 4,
        "IF_2015": 0.806,
        "category": 0,
        "symbolSize": 22.4238756634,
        "CCF_Dir_Shortname": "IS"
    },
    {
        "id": "IJIS",
        "name": "IJIS",
        "fullName": "International Journal of Information Security",
        "Press": "Springer",
        "DBLP": "http://link.springer.com/journal/10207",
        "CCF": "D",
        "CSA": 4,
        "IF_2015": 1.279,
        "category": 0,
        "symbolSize": 26.4795282937,
        "CCF_Dir_Shortname": "IS"
    }
]