[
    {
        "id": "TON",
        "name": "TON",
        "fullName": "IEEE/ACM Transactions on Networking",
        "Press": "IEEE, ACM",
        "DBLP": "http://dblp.uni-trier.de/db/journals/ton/",
        "CCF": "A",
        "CSA": 3,
        "IF_2015": 2.186,
        "category": 0,
        "symbolSize": 31.7680541243,
        "CCF_Dir_Shortname": "CN"
    },
    {
        "id": "JSAC",
        "name": "JSAC",
        "fullName": "IEEE Journal of Selected Areas in Communications",
        "Press": "IEEE",
        "DBLP": "http://dblp.uni-trier.de/db/journals/jsac/",
        "CCF": "A",
        "CSA": 2,
        "IF_2015": 3.672,
        "category": 0,
        "symbolSize": 37.4604050147,
        "CCF_Dir_Shortname": "CN"
    },
    {
        "id": "TMC",
        "name": "TMC",
        "fullName": "IEEE Transactions on Mobile Computing",
        "Press": "IEEE",
        "DBLP": "http://dblp.uni-trier.de/db/journals/tmc/",
        "CCF": "A",
        "CSA": 2,
        "IF_2015": 2.456,
        "category": 0,
        "symbolSize": 32.9980495059,
        "CCF_Dir_Shortname": "CN"
    },
    {
        "id": "TOIT",
        "name": "TOIT",
        "fullName": "ACM Transactions on Internet Technology",
        "Press": "ACM",
        "DBLP": "http://dblp.uni-trier.de/db/journals/toit/",
        "CCF": "B",
        "CSA": 4,
        "IF_2015": 0.705,
        "category": 0,
        "symbolSize": 21.334999424,
        "CCF_Dir_Shortname": "CN"
    },
    {
        "id": "TOMCCAP",
        "name": "TOMCCAP",
        "fullName": "ACM Transactions on Multimedia Computing, Communications and Applications",
        "Press": "ACM",
        "DBLP": "http://dblp.uni-trier.de/db/journals/tomccap/",
        "CCF": "B",
        "CSA": 4,
        "IF_2015": 0.982,
        "category": 0,
        "symbolSize": 24.1015774361,
        "CCF_Dir_Shortname": "CN"
    },
    {
        "id": "TOSN",
        "name": "TOSN",
        "fullName": "ACM Transactions on Sensor Networks",
        "Press": "ACM",
        "DBLP": "http://dblp.uni-trier.de/db/journals/tosn/",
        "CCF": "B",
        "CSA": 3,
        "IF_2015": 1.448,
        "category": 0,
        "symbolSize": 27.6489244436,
        "CCF_Dir_Shortname": "CN"
    },
    {
        "id": "CN",
        "name": "CN",
        "fullName": "Computer Networks",
        "Press": "Elsevier",
        "DBLP": "http://dblp.uni-trier.de/db/journals/cn/",
        "CCF": "B",
        "CSA": 3,
        "IF_2015": 1.446,
        "category": 0,
        "symbolSize": 27.6357164621,
        "CCF_Dir_Shortname": "CN"
    },
    {
        "id": "TOC",
        "name": "TOC",
        "fullName": "IEEE Transactions on Communications",
        "Press": "IEEE",
        "DBLP": "http://dblp.uni-trier.de/db/journals/tcom/",
        "CCF": "B",
        "CSA": 3,
        "IF_2015": 2.298,
        "category": 0,
        "symbolSize": 32.2922872659,
        "CCF_Dir_Shortname": "CN"
    },
    {
        "id": "TWC",
        "name": "TWC",
        "fullName": "IEEE Transactions on Wireless Communications",
        "Press": "IEEE",
        "DBLP": "http://dblp.uni-trier.de/db/journals/twc/",
        "CCF": "B",
        "CSA": 2,
        "IF_2015": 2.925,
        "category": 0,
        "symbolSize": 34.8966005129,
        "CCF_Dir_Shortname": "CN"
    },
    {
        "id": "AdHoc",
        "name": "AdHoc",
        "fullName": "Ad hoc Networks",
        "Press": "Elsevier",
        "DBLP": "http://dblp.uni-trier.de/db/journals/adhoc/",
        "CCF": "C",
        "CSA": 3,
        "IF_2015": 1.66,
        "category": 0,
        "symbolSize": 28.975001917,
        "CCF_Dir_Shortname": "CN"
    },
    {
        "id": "CC",
        "name": "CC",
        "fullName": "Computer Communications",
        "Press": "Elsevier",
        "DBLP": "http://dblp.uni-trier.de/db/journals/comcom/",
        "CCF": "C",
        "CSA": 3,
        "IF_2015": 2.099,
        "category": 0,
        "symbolSize": 31.3458280472,
        "CCF_Dir_Shortname": "CN"
    },
    {
        "id": "TNSM",
        "name": "TNSM",
        "fullName": "IEEE Transactions on Network and Service Management",
        "Press": "IEEE",
        "DBLP": "http://dblp.uni-trier.de/db/journals/tnsm/",
        "CCF": "C",
        "CSA": 3,
        "IF_2015": 1.296,
        "category": 0,
        "symbolSize": 26.6023526575,
        "CCF_Dir_Shortname": "CN"
    },
    {
        "id": "IETCOM",
        "name": "IETCOM",
        "fullName": "IET Communications",
        "Press": "IET",
        "DBLP": "http://dblp.uni-trier.de/db/journals/iet-com/",
        "CCF": "C",
        "CSA": 4,
        "IF_2015": 0.624,
        "category": 0,
        "symbolSize": 20.3763090871,
        "CCF_Dir_Shortname": "CN"
    },
    {
        "id": "JNCA",
        "name": "JNCA",
        "fullName": "Journal of Network and Computer Applications",
        "Press": "Elsevier",
        "DBLP": "http://dblp.uni-trier.de/db/journals/jnca/",
        "CCF": "C",
        "CSA": 3,
        "IF_2015": 2.331,
        "category": 0,
        "symbolSize": 32.4428424391,
        "CCF_Dir_Shortname": "CN"
    },
    {
        "id": "MONET",
        "name": "MONET",
        "fullName": "Mobile Networks & Applications",
        "Press": "Springer",
        "DBLP": "http://dblp.uni-trier.de/db/journals/monet/",
        "CCF": "C",
        "CSA": 3,
        "IF_2015": 1.538,
        "category": 0,
        "symbolSize": 28.229175212,
        "CCF_Dir_Shortname": "CN"
    },
    {
        "id": "Net",
        "name": "Net",
        "fullName": "Networks",
        "Press": "Wiley",
        "DBLP": "http://dblp.uni-trier.de/db/journals/networks/",
        "CCF": "C",
        "CSA": 4,
        "IF_2015": 0.943,
        "category": 0,
        "symbolSize": 23.750389777,
        "CCF_Dir_Shortname": "CN"
    },
    {
        "id": "PPNA",
        "name": "PPNA",
        "fullName": "Peer-to-Peer Networking and Applications",
        "Press": "Springer",
        "DBLP": "http://dblp.uni-trier.de/db/journals/ppna/",
        "CCF": "C",
        "CSA": 4,
        "IF_2015": 1.0,
        "category": 0,
        "symbolSize": 24.2601513196,
        "CCF_Dir_Shortname": "CN"
    },
    {
        "id": "WCMC",
        "name": "WCMC",
        "fullName": "Wireless Communications & Mobile Computing",
        "Press": "Wiley",
        "DBLP": "http://dblp.uni-trier.de/db/journals/wicomm/",
        "CCF": "C",
        "CSA": 4,
        "IF_2015": 0.922,
        "category": 0,
        "symbolSize": 23.5567762003,
        "CCF_Dir_Shortname": "CN"
    },
    {
        "id": "WN",
        "name": "WN",
        "fullName": "Wireless Networks",
        "Press": "Springer",
        "DBLP": "http://dblp.uni-trier.de/db/journals/winet/",
        "CCF": "C",
        "CSA": 4,
        "IF_2015": 1.006,
        "category": 0,
        "symbolSize": 24.3125335868,
        "CCF_Dir_Shortname": "CN"
    }
]